sector_abbr,control_reg_id,nem_system_size_limit_kw,year
res,1,1000,2015
res,1,1000,2016
res,1,1000,2017
res,1,1000,2018
res,1,1000,2019
res,1,1000,2020
res,1,1000,2021
res,1,1000,2022
res,1,1000,2023
res,1,1000,2024
res,1,1000,2025
res,1,1000,2026
res,1,1000,2027
res,1,1000,2028
res,1,1000,2029
res,1,1000,2030
res,1,1000,2031
res,1,1000,2032
res,1,1000,2033
res,1,1000,2034
res,1,1000,2035
res,1,1000,2036
res,1,1000,2037
res,1,1000,2038
res,1,1000,2039
res,1,1000,2040
res,1,1000,2041
res,1,1000,2042
res,1,1000,2043
res,1,1000,2044
res,1,1000,2045
res,1,1000,2046
res,1,1000,2047
res,1,1000,2048
res,1,1000,2049
res,1,1000,2050
res,2,1000,2015
res,2,1000,2016
res,2,1000,2017
res,2,1000,2018
res,2,1000,2019
res,2,1000,2020
res,2,1000,2021
res,2,1000,2022
res,2,1000,2023
res,2,1000,2024
res,2,1000,2025
res,2,1000,2026
res,2,1000,2027
res,2,1000,2028
res,2,1000,2029
res,2,1000,2030
res,2,1000,2031
res,2,1000,2032
res,2,1000,2033
res,2,1000,2034
res,2,1000,2035
res,2,1000,2036
res,2,1000,2037
res,2,1000,2038
res,2,1000,2039
res,2,1000,2040
res,2,1000,2041
res,2,1000,2042
res,2,1000,2043
res,2,1000,2044
res,2,1000,2045
res,2,1000,2046
res,2,1000,2047
res,2,1000,2048
res,2,1000,2049
res,2,1000,2050
res,3,1000,2015
res,3,1000,2016
res,3,1000,2017
res,3,1000,2018
res,3,1000,2019
res,3,1000,2020
res,3,1000,2021
res,3,1000,2022
res,3,1000,2023
res,3,1000,2024
res,3,1000,2025
res,3,1000,2026
res,3,1000,2027
res,3,1000,2028
res,3,1000,2029
res,3,1000,2030
res,3,1000,2031
res,3,1000,2032
res,3,1000,2033
res,3,1000,2034
res,3,1000,2035
res,3,1000,2036
res,3,1000,2037
res,3,1000,2038
res,3,1000,2039
res,3,1000,2040
res,3,1000,2041
res,3,1000,2042
res,3,1000,2043
res,3,1000,2044
res,3,1000,2045
res,3,1000,2046
res,3,1000,2047
res,3,1000,2048
res,3,1000,2049
res,3,1000,2050
res,4,1000,2015
res,4,1000,2016
res,4,1000,2017
res,4,1000,2018
res,4,1000,2019
res,4,1000,2020
res,4,1000,2021
res,4,1000,2022
res,4,1000,2023
res,4,1000,2024
res,4,1000,2025
res,4,1000,2026
res,4,1000,2027
res,4,1000,2028
res,4,1000,2029
res,4,1000,2030
res,4,1000,2031
res,4,1000,2032
res,4,1000,2033
res,4,1000,2034
res,4,1000,2035
res,4,1000,2036
res,4,1000,2037
res,4,1000,2038
res,4,1000,2039
res,4,1000,2040
res,4,1000,2041
res,4,1000,2042
res,4,1000,2043
res,4,1000,2044
res,4,1000,2045
res,4,1000,2046
res,4,1000,2047
res,4,1000,2048
res,4,1000,2049
res,4,1000,2050
res,5,1000,2015
res,5,1000,2016
res,5,1000,2017
res,5,1000,2018
res,5,1000,2019
res,5,1000,2020
res,5,1000,2021
res,5,1000,2022
res,5,1000,2023
res,5,1000,2024
res,5,1000,2025
res,5,1000,2026
res,5,1000,2027
res,5,1000,2028
res,5,1000,2029
res,5,1000,2030
res,5,1000,2031
res,5,1000,2032
res,5,1000,2033
res,5,1000,2034
res,5,1000,2035
res,5,1000,2036
res,5,1000,2037
res,5,1000,2038
res,5,1000,2039
res,5,1000,2040
res,5,1000,2041
res,5,1000,2042
res,5,1000,2043
res,5,1000,2044
res,5,1000,2045
res,5,1000,2046
res,5,1000,2047
res,5,1000,2048
res,5,1000,2049
res,5,1000,2050
res,6,1000,2015
res,6,1000,2016
res,6,1000,2017
res,6,1000,2018
res,6,1000,2019
res,6,1000,2020
res,6,1000,2021
res,6,1000,2022
res,6,1000,2023
res,6,1000,2024
res,6,1000,2025
res,6,1000,2026
res,6,1000,2027
res,6,1000,2028
res,6,1000,2029
res,6,1000,2030
res,6,1000,2031
res,6,1000,2032
res,6,1000,2033
res,6,1000,2034
res,6,1000,2035
res,6,1000,2036
res,6,1000,2037
res,6,1000,2038
res,6,1000,2039
res,6,1000,2040
res,6,1000,2041
res,6,1000,2042
res,6,1000,2043
res,6,1000,2044
res,6,1000,2045
res,6,1000,2046
res,6,1000,2047
res,6,1000,2048
res,6,1000,2049
res,6,1000,2050
res,7,1000,2015
res,7,1000,2016
res,7,1000,2017
res,7,1000,2018
res,7,1000,2019
res,7,1000,2020
res,7,1000,2021
res,7,1000,2022
res,7,1000,2023
res,7,1000,2024
res,7,1000,2025
res,7,1000,2026
res,7,1000,2027
res,7,1000,2028
res,7,1000,2029
res,7,1000,2030
res,7,1000,2031
res,7,1000,2032
res,7,1000,2033
res,7,1000,2034
res,7,1000,2035
res,7,1000,2036
res,7,1000,2037
res,7,1000,2038
res,7,1000,2039
res,7,1000,2040
res,7,1000,2041
res,7,1000,2042
res,7,1000,2043
res,7,1000,2044
res,7,1000,2045
res,7,1000,2046
res,7,1000,2047
res,7,1000,2048
res,7,1000,2049
res,7,1000,2050
res,8,1000,2015
res,8,1000,2016
res,8,1000,2017
res,8,1000,2018
res,8,1000,2019
res,8,1000,2020
res,8,1000,2021
res,8,1000,2022
res,8,1000,2023
res,8,1000,2024
res,8,1000,2025
res,8,1000,2026
res,8,1000,2027
res,8,1000,2028
res,8,1000,2029
res,8,1000,2030
res,8,1000,2031
res,8,1000,2032
res,8,1000,2033
res,8,1000,2034
res,8,1000,2035
res,8,1000,2036
res,8,1000,2037
res,8,1000,2038
res,8,1000,2039
res,8,1000,2040
res,8,1000,2041
res,8,1000,2042
res,8,1000,2043
res,8,1000,2044
res,8,1000,2045
res,8,1000,2046
res,8,1000,2047
res,8,1000,2048
res,8,1000,2049
res,8,1000,2050
res,9,1000,2015
res,9,1000,2016
res,9,1000,2017
res,9,1000,2018
res,9,1000,2019
res,9,1000,2020
res,9,1000,2021
res,9,1000,2022
res,9,1000,2023
res,9,1000,2024
res,9,1000,2025
res,9,1000,2026
res,9,1000,2027
res,9,1000,2028
res,9,1000,2029
res,9,1000,2030
res,9,1000,2031
res,9,1000,2032
res,9,1000,2033
res,9,1000,2034
res,9,1000,2035
res,9,1000,2036
res,9,1000,2037
res,9,1000,2038
res,9,1000,2039
res,9,1000,2040
res,9,1000,2041
res,9,1000,2042
res,9,1000,2043
res,9,1000,2044
res,9,1000,2045
res,9,1000,2046
res,9,1000,2047
res,9,1000,2048
res,9,1000,2049
res,9,1000,2050
res,10,1000,2015
res,10,1000,2016
res,10,1000,2017
res,10,1000,2018
res,10,1000,2019
res,10,1000,2020
res,10,1000,2021
res,10,1000,2022
res,10,1000,2023
res,10,1000,2024
res,10,1000,2025
res,10,1000,2026
res,10,1000,2027
res,10,1000,2028
res,10,1000,2029
res,10,1000,2030
res,10,1000,2031
res,10,1000,2032
res,10,1000,2033
res,10,1000,2034
res,10,1000,2035
res,10,1000,2036
res,10,1000,2037
res,10,1000,2038
res,10,1000,2039
res,10,1000,2040
res,10,1000,2041
res,10,1000,2042
res,10,1000,2043
res,10,1000,2044
res,10,1000,2045
res,10,1000,2046
res,10,1000,2047
res,10,1000,2048
res,10,1000,2049
res,10,1000,2050
res,11,1000,2015
res,11,1000,2016
res,11,1000,2017
res,11,1000,2018
res,11,1000,2019
res,11,1000,2020
res,11,1000,2021
res,11,1000,2022
res,11,1000,2023
res,11,1000,2024
res,11,1000,2025
res,11,1000,2026
res,11,1000,2027
res,11,1000,2028
res,11,1000,2029
res,11,1000,2030
res,11,1000,2031
res,11,1000,2032
res,11,1000,2033
res,11,1000,2034
res,11,1000,2035
res,11,1000,2036
res,11,1000,2037
res,11,1000,2038
res,11,1000,2039
res,11,1000,2040
res,11,1000,2041
res,11,1000,2042
res,11,1000,2043
res,11,1000,2044
res,11,1000,2045
res,11,1000,2046
res,11,1000,2047
res,11,1000,2048
res,11,1000,2049
res,11,1000,2050
res,12,1000,2015
res,12,1000,2016
res,12,1000,2017
res,12,1000,2018
res,12,1000,2019
res,12,1000,2020
res,12,1000,2021
res,12,1000,2022
res,12,1000,2023
res,12,1000,2024
res,12,1000,2025
res,12,1000,2026
res,12,1000,2027
res,12,1000,2028
res,12,1000,2029
res,12,1000,2030
res,12,1000,2031
res,12,1000,2032
res,12,1000,2033
res,12,1000,2034
res,12,1000,2035
res,12,1000,2036
res,12,1000,2037
res,12,1000,2038
res,12,1000,2039
res,12,1000,2040
res,12,1000,2041
res,12,1000,2042
res,12,1000,2043
res,12,1000,2044
res,12,1000,2045
res,12,1000,2046
res,12,1000,2047
res,12,1000,2048
res,12,1000,2049
res,12,1000,2050
res,13,1000,2015
res,13,1000,2016
res,13,1000,2017
res,13,1000,2018
res,13,1000,2019
res,13,1000,2020
res,13,1000,2021
res,13,1000,2022
res,13,1000,2023
res,13,1000,2024
res,13,1000,2025
res,13,1000,2026
res,13,1000,2027
res,13,1000,2028
res,13,1000,2029
res,13,1000,2030
res,13,1000,2031
res,13,1000,2032
res,13,1000,2033
res,13,1000,2034
res,13,1000,2035
res,13,1000,2036
res,13,1000,2037
res,13,1000,2038
res,13,1000,2039
res,13,1000,2040
res,13,1000,2041
res,13,1000,2042
res,13,1000,2043
res,13,1000,2044
res,13,1000,2045
res,13,1000,2046
res,13,1000,2047
res,13,1000,2048
res,13,1000,2049
res,13,1000,2050
res,14,1000,2015
res,14,1000,2016
res,14,1000,2017
res,14,1000,2018
res,14,1000,2019
res,14,1000,2020
res,14,1000,2021
res,14,1000,2022
res,14,1000,2023
res,14,1000,2024
res,14,1000,2025
res,14,1000,2026
res,14,1000,2027
res,14,1000,2028
res,14,1000,2029
res,14,1000,2030
res,14,1000,2031
res,14,1000,2032
res,14,1000,2033
res,14,1000,2034
res,14,1000,2035
res,14,1000,2036
res,14,1000,2037
res,14,1000,2038
res,14,1000,2039
res,14,1000,2040
res,14,1000,2041
res,14,1000,2042
res,14,1000,2043
res,14,1000,2044
res,14,1000,2045
res,14,1000,2046
res,14,1000,2047
res,14,1000,2048
res,14,1000,2049
res,14,1000,2050
res,15,1000,2015
res,15,1000,2016
res,15,1000,2017
res,15,1000,2018
res,15,1000,2019
res,15,1000,2020
res,15,1000,2021
res,15,1000,2022
res,15,1000,2023
res,15,1000,2024
res,15,1000,2025
res,15,1000,2026
res,15,1000,2027
res,15,1000,2028
res,15,1000,2029
res,15,1000,2030
res,15,1000,2031
res,15,1000,2032
res,15,1000,2033
res,15,1000,2034
res,15,1000,2035
res,15,1000,2036
res,15,1000,2037
res,15,1000,2038
res,15,1000,2039
res,15,1000,2040
res,15,1000,2041
res,15,1000,2042
res,15,1000,2043
res,15,1000,2044
res,15,1000,2045
res,15,1000,2046
res,15,1000,2047
res,15,1000,2048
res,15,1000,2049
res,15,1000,2050
res,16,1000,2015
res,16,1000,2016
res,16,1000,2017
res,16,1000,2018
res,16,1000,2019
res,16,1000,2020
res,16,1000,2021
res,16,1000,2022
res,16,1000,2023
res,16,1000,2024
res,16,1000,2025
res,16,1000,2026
res,16,1000,2027
res,16,1000,2028
res,16,1000,2029
res,16,1000,2030
res,16,1000,2031
res,16,1000,2032
res,16,1000,2033
res,16,1000,2034
res,16,1000,2035
res,16,1000,2036
res,16,1000,2037
res,16,1000,2038
res,16,1000,2039
res,16,1000,2040
res,16,1000,2041
res,16,1000,2042
res,16,1000,2043
res,16,1000,2044
res,16,1000,2045
res,16,1000,2046
res,16,1000,2047
res,16,1000,2048
res,16,1000,2049
res,16,1000,2050
res,17,1000,2015
res,17,1000,2016
res,17,1000,2017
res,17,1000,2018
res,17,1000,2019
res,17,1000,2020
res,17,1000,2021
res,17,1000,2022
res,17,1000,2023
res,17,1000,2024
res,17,1000,2025
res,17,1000,2026
res,17,1000,2027
res,17,1000,2028
res,17,1000,2029
res,17,1000,2030
res,17,1000,2031
res,17,1000,2032
res,17,1000,2033
res,17,1000,2034
res,17,1000,2035
res,17,1000,2036
res,17,1000,2037
res,17,1000,2038
res,17,1000,2039
res,17,1000,2040
res,17,1000,2041
res,17,1000,2042
res,17,1000,2043
res,17,1000,2044
res,17,1000,2045
res,17,1000,2046
res,17,1000,2047
res,17,1000,2048
res,17,1000,2049
res,17,1000,2050
res,18,1000,2015
res,18,1000,2016
res,18,1000,2017
res,18,1000,2018
res,18,1000,2019
res,18,1000,2020
res,18,1000,2021
res,18,1000,2022
res,18,1000,2023
res,18,1000,2024
res,18,1000,2025
res,18,1000,2026
res,18,1000,2027
res,18,1000,2028
res,18,1000,2029
res,18,1000,2030
res,18,1000,2031
res,18,1000,2032
res,18,1000,2033
res,18,1000,2034
res,18,1000,2035
res,18,1000,2036
res,18,1000,2037
res,18,1000,2038
res,18,1000,2039
res,18,1000,2040
res,18,1000,2041
res,18,1000,2042
res,18,1000,2043
res,18,1000,2044
res,18,1000,2045
res,18,1000,2046
res,18,1000,2047
res,18,1000,2048
res,18,1000,2049
res,18,1000,2050
res,19,1000,2015
res,19,1000,2016
res,19,1000,2017
res,19,1000,2018
res,19,1000,2019
res,19,1000,2020
res,19,1000,2021
res,19,1000,2022
res,19,1000,2023
res,19,1000,2024
res,19,1000,2025
res,19,1000,2026
res,19,1000,2027
res,19,1000,2028
res,19,1000,2029
res,19,1000,2030
res,19,1000,2031
res,19,1000,2032
res,19,1000,2033
res,19,1000,2034
res,19,1000,2035
res,19,1000,2036
res,19,1000,2037
res,19,1000,2038
res,19,1000,2039
res,19,1000,2040
res,19,1000,2041
res,19,1000,2042
res,19,1000,2043
res,19,1000,2044
res,19,1000,2045
res,19,1000,2046
res,19,1000,2047
res,19,1000,2048
res,19,1000,2049
res,19,1000,2050
res,20,1000,2015
res,20,1000,2016
res,20,1000,2017
res,20,1000,2018
res,20,1000,2019
res,20,1000,2020
res,20,1000,2021
res,20,1000,2022
res,20,1000,2023
res,20,1000,2024
res,20,1000,2025
res,20,1000,2026
res,20,1000,2027
res,20,1000,2028
res,20,1000,2029
res,20,1000,2030
res,20,1000,2031
res,20,1000,2032
res,20,1000,2033
res,20,1000,2034
res,20,1000,2035
res,20,1000,2036
res,20,1000,2037
res,20,1000,2038
res,20,1000,2039
res,20,1000,2040
res,20,1000,2041
res,20,1000,2042
res,20,1000,2043
res,20,1000,2044
res,20,1000,2045
res,20,1000,2046
res,20,1000,2047
res,20,1000,2048
res,20,1000,2049
res,20,1000,2050
res,21,1000,2015
res,21,1000,2016
res,21,1000,2017
res,21,1000,2018
res,21,1000,2019
res,21,1000,2020
res,21,1000,2021
res,21,1000,2022
res,21,1000,2023
res,21,1000,2024
res,21,1000,2025
res,21,1000,2026
res,21,1000,2027
res,21,1000,2028
res,21,1000,2029
res,21,1000,2030
res,21,1000,2031
res,21,1000,2032
res,21,1000,2033
res,21,1000,2034
res,21,1000,2035
res,21,1000,2036
res,21,1000,2037
res,21,1000,2038
res,21,1000,2039
res,21,1000,2040
res,21,1000,2041
res,21,1000,2042
res,21,1000,2043
res,21,1000,2044
res,21,1000,2045
res,21,1000,2046
res,21,1000,2047
res,21,1000,2048
res,21,1000,2049
res,21,1000,2050
res,22,1000,2015
res,22,1000,2016
res,22,1000,2017
res,22,1000,2018
res,22,1000,2019
res,22,1000,2020
res,22,1000,2021
res,22,1000,2022
res,22,1000,2023
res,22,1000,2024
res,22,1000,2025
res,22,1000,2026
res,22,1000,2027
res,22,1000,2028
res,22,1000,2029
res,22,1000,2030
res,22,1000,2031
res,22,1000,2032
res,22,1000,2033
res,22,1000,2034
res,22,1000,2035
res,22,1000,2036
res,22,1000,2037
res,22,1000,2038
res,22,1000,2039
res,22,1000,2040
res,22,1000,2041
res,22,1000,2042
res,22,1000,2043
res,22,1000,2044
res,22,1000,2045
res,22,1000,2046
res,22,1000,2047
res,22,1000,2048
res,22,1000,2049
res,22,1000,2050
res,23,1000,2015
res,23,1000,2016
res,23,1000,2017
res,23,1000,2018
res,23,1000,2019
res,23,1000,2020
res,23,1000,2021
res,23,1000,2022
res,23,1000,2023
res,23,1000,2024
res,23,1000,2025
res,23,1000,2026
res,23,1000,2027
res,23,1000,2028
res,23,1000,2029
res,23,1000,2030
res,23,1000,2031
res,23,1000,2032
res,23,1000,2033
res,23,1000,2034
res,23,1000,2035
res,23,1000,2036
res,23,1000,2037
res,23,1000,2038
res,23,1000,2039
res,23,1000,2040
res,23,1000,2041
res,23,1000,2042
res,23,1000,2043
res,23,1000,2044
res,23,1000,2045
res,23,1000,2046
res,23,1000,2047
res,23,1000,2048
res,23,1000,2049
res,23,1000,2050
res,24,1000,2015
res,24,1000,2016
res,24,1000,2017
res,24,1000,2018
res,24,1000,2019
res,24,1000,2020
res,24,1000,2021
res,24,1000,2022
res,24,1000,2023
res,24,1000,2024
res,24,1000,2025
res,24,1000,2026
res,24,1000,2027
res,24,1000,2028
res,24,1000,2029
res,24,1000,2030
res,24,1000,2031
res,24,1000,2032
res,24,1000,2033
res,24,1000,2034
res,24,1000,2035
res,24,1000,2036
res,24,1000,2037
res,24,1000,2038
res,24,1000,2039
res,24,1000,2040
res,24,1000,2041
res,24,1000,2042
res,24,1000,2043
res,24,1000,2044
res,24,1000,2045
res,24,1000,2046
res,24,1000,2047
res,24,1000,2048
res,24,1000,2049
res,24,1000,2050
res,25,1000,2015
res,25,1000,2016
res,25,1000,2017
res,25,1000,2018
res,25,1000,2019
res,25,1000,2020
res,25,1000,2021
res,25,1000,2022
res,25,1000,2023
res,25,1000,2024
res,25,1000,2025
res,25,1000,2026
res,25,1000,2027
res,25,1000,2028
res,25,1000,2029
res,25,1000,2030
res,25,1000,2031
res,25,1000,2032
res,25,1000,2033
res,25,1000,2034
res,25,1000,2035
res,25,1000,2036
res,25,1000,2037
res,25,1000,2038
res,25,1000,2039
res,25,1000,2040
res,25,1000,2041
res,25,1000,2042
res,25,1000,2043
res,25,1000,2044
res,25,1000,2045
res,25,1000,2046
res,25,1000,2047
res,25,1000,2048
res,25,1000,2049
res,25,1000,2050
res,26,1000,2015
res,26,1000,2016
res,26,1000,2017
res,26,1000,2018
res,26,1000,2019
res,26,1000,2020
res,26,1000,2021
res,26,1000,2022
res,26,1000,2023
res,26,1000,2024
res,26,1000,2025
res,26,1000,2026
res,26,1000,2027
res,26,1000,2028
res,26,1000,2029
res,26,1000,2030
res,26,1000,2031
res,26,1000,2032
res,26,1000,2033
res,26,1000,2034
res,26,1000,2035
res,26,1000,2036
res,26,1000,2037
res,26,1000,2038
res,26,1000,2039
res,26,1000,2040
res,26,1000,2041
res,26,1000,2042
res,26,1000,2043
res,26,1000,2044
res,26,1000,2045
res,26,1000,2046
res,26,1000,2047
res,26,1000,2048
res,26,1000,2049
res,26,1000,2050
res,27,1000,2015
res,27,1000,2016
res,27,1000,2017
res,27,1000,2018
res,27,1000,2019
res,27,1000,2020
res,27,1000,2021
res,27,1000,2022
res,27,1000,2023
res,27,1000,2024
res,27,1000,2025
res,27,1000,2026
res,27,1000,2027
res,27,1000,2028
res,27,1000,2029
res,27,1000,2030
res,27,1000,2031
res,27,1000,2032
res,27,1000,2033
res,27,1000,2034
res,27,1000,2035
res,27,1000,2036
res,27,1000,2037
res,27,1000,2038
res,27,1000,2039
res,27,1000,2040
res,27,1000,2041
res,27,1000,2042
res,27,1000,2043
res,27,1000,2044
res,27,1000,2045
res,27,1000,2046
res,27,1000,2047
res,27,1000,2048
res,27,1000,2049
res,27,1000,2050
res,28,1000,2015
res,28,1000,2016
res,28,1000,2017
res,28,1000,2018
res,28,1000,2019
res,28,1000,2020
res,28,1000,2021
res,28,1000,2022
res,28,1000,2023
res,28,1000,2024
res,28,1000,2025
res,28,1000,2026
res,28,1000,2027
res,28,1000,2028
res,28,1000,2029
res,28,1000,2030
res,28,1000,2031
res,28,1000,2032
res,28,1000,2033
res,28,1000,2034
res,28,1000,2035
res,28,1000,2036
res,28,1000,2037
res,28,1000,2038
res,28,1000,2039
res,28,1000,2040
res,28,1000,2041
res,28,1000,2042
res,28,1000,2043
res,28,1000,2044
res,28,1000,2045
res,28,1000,2046
res,28,1000,2047
res,28,1000,2048
res,28,1000,2049
res,28,1000,2050
res,29,1000,2015
res,29,1000,2016
res,29,1000,2017
res,29,1000,2018
res,29,1000,2019
res,29,1000,2020
res,29,1000,2021
res,29,1000,2022
res,29,1000,2023
res,29,1000,2024
res,29,1000,2025
res,29,1000,2026
res,29,1000,2027
res,29,1000,2028
res,29,1000,2029
res,29,1000,2030
res,29,1000,2031
res,29,1000,2032
res,29,1000,2033
res,29,1000,2034
res,29,1000,2035
res,29,1000,2036
res,29,1000,2037
res,29,1000,2038
res,29,1000,2039
res,29,1000,2040
res,29,1000,2041
res,29,1000,2042
res,29,1000,2043
res,29,1000,2044
res,29,1000,2045
res,29,1000,2046
res,29,1000,2047
res,29,1000,2048
res,29,1000,2049
res,29,1000,2050
res,30,1000,2015
res,30,1000,2016
res,30,1000,2017
res,30,1000,2018
res,30,1000,2019
res,30,1000,2020
res,30,1000,2021
res,30,1000,2022
res,30,1000,2023
res,30,1000,2024
res,30,1000,2025
res,30,1000,2026
res,30,1000,2027
res,30,1000,2028
res,30,1000,2029
res,30,1000,2030
res,30,1000,2031
res,30,1000,2032
res,30,1000,2033
res,30,1000,2034
res,30,1000,2035
res,30,1000,2036
res,30,1000,2037
res,30,1000,2038
res,30,1000,2039
res,30,1000,2040
res,30,1000,2041
res,30,1000,2042
res,30,1000,2043
res,30,1000,2044
res,30,1000,2045
res,30,1000,2046
res,30,1000,2047
res,30,1000,2048
res,30,1000,2049
res,30,1000,2050
res,31,1000,2015
res,31,1000,2016
res,31,1000,2017
res,31,1000,2018
res,31,1000,2019
res,31,1000,2020
res,31,1000,2021
res,31,1000,2022
res,31,1000,2023
res,31,1000,2024
res,31,1000,2025
res,31,1000,2026
res,31,1000,2027
res,31,1000,2028
res,31,1000,2029
res,31,1000,2030
res,31,1000,2031
res,31,1000,2032
res,31,1000,2033
res,31,1000,2034
res,31,1000,2035
res,31,1000,2036
res,31,1000,2037
res,31,1000,2038
res,31,1000,2039
res,31,1000,2040
res,31,1000,2041
res,31,1000,2042
res,31,1000,2043
res,31,1000,2044
res,31,1000,2045
res,31,1000,2046
res,31,1000,2047
res,31,1000,2048
res,31,1000,2049
res,31,1000,2050
res,32,1000,2015
res,32,1000,2016
res,32,1000,2017
res,32,1000,2018
res,32,1000,2019
res,32,1000,2020
res,32,1000,2021
res,32,1000,2022
res,32,1000,2023
res,32,1000,2024
res,32,1000,2025
res,32,1000,2026
res,32,1000,2027
res,32,1000,2028
res,32,1000,2029
res,32,1000,2030
res,32,1000,2031
res,32,1000,2032
res,32,1000,2033
res,32,1000,2034
res,32,1000,2035
res,32,1000,2036
res,32,1000,2037
res,32,1000,2038
res,32,1000,2039
res,32,1000,2040
res,32,1000,2041
res,32,1000,2042
res,32,1000,2043
res,32,1000,2044
res,32,1000,2045
res,32,1000,2046
res,32,1000,2047
res,32,1000,2048
res,32,1000,2049
res,32,1000,2050
res,33,1000,2015
res,33,1000,2016
res,33,1000,2017
res,33,1000,2018
res,33,1000,2019
res,33,1000,2020
res,33,1000,2021
res,33,1000,2022
res,33,1000,2023
res,33,1000,2024
res,33,1000,2025
res,33,1000,2026
res,33,1000,2027
res,33,1000,2028
res,33,1000,2029
res,33,1000,2030
res,33,1000,2031
res,33,1000,2032
res,33,1000,2033
res,33,1000,2034
res,33,1000,2035
res,33,1000,2036
res,33,1000,2037
res,33,1000,2038
res,33,1000,2039
res,33,1000,2040
res,33,1000,2041
res,33,1000,2042
res,33,1000,2043
res,33,1000,2044
res,33,1000,2045
res,33,1000,2046
res,33,1000,2047
res,33,1000,2048
res,33,1000,2049
res,33,1000,2050
res,34,1000,2015
res,34,1000,2016
res,34,1000,2017
res,34,1000,2018
res,34,1000,2019
res,34,1000,2020
res,34,1000,2021
res,34,1000,2022
res,34,1000,2023
res,34,1000,2024
res,34,1000,2025
res,34,1000,2026
res,34,1000,2027
res,34,1000,2028
res,34,1000,2029
res,34,1000,2030
res,34,1000,2031
res,34,1000,2032
res,34,1000,2033
res,34,1000,2034
res,34,1000,2035
res,34,1000,2036
res,34,1000,2037
res,34,1000,2038
res,34,1000,2039
res,34,1000,2040
res,34,1000,2041
res,34,1000,2042
res,34,1000,2043
res,34,1000,2044
res,34,1000,2045
res,34,1000,2046
res,34,1000,2047
res,34,1000,2048
res,34,1000,2049
res,34,1000,2050
res,35,1000,2015
res,35,1000,2016
res,35,1000,2017
res,35,1000,2018
res,35,1000,2019
res,35,1000,2020
res,35,1000,2021
res,35,1000,2022
res,35,1000,2023
res,35,1000,2024
res,35,1000,2025
res,35,1000,2026
res,35,1000,2027
res,35,1000,2028
res,35,1000,2029
res,35,1000,2030
res,35,1000,2031
res,35,1000,2032
res,35,1000,2033
res,35,1000,2034
res,35,1000,2035
res,35,1000,2036
res,35,1000,2037
res,35,1000,2038
res,35,1000,2039
res,35,1000,2040
res,35,1000,2041
res,35,1000,2042
res,35,1000,2043
res,35,1000,2044
res,35,1000,2045
res,35,1000,2046
res,35,1000,2047
res,35,1000,2048
res,35,1000,2049
res,35,1000,2050
res,36,1000,2015
res,36,1000,2016
res,36,1000,2017
res,36,1000,2018
res,36,1000,2019
res,36,1000,2020
res,36,1000,2021
res,36,1000,2022
res,36,1000,2023
res,36,1000,2024
res,36,1000,2025
res,36,1000,2026
res,36,1000,2027
res,36,1000,2028
res,36,1000,2029
res,36,1000,2030
res,36,1000,2031
res,36,1000,2032
res,36,1000,2033
res,36,1000,2034
res,36,1000,2035
res,36,1000,2036
res,36,1000,2037
res,36,1000,2038
res,36,1000,2039
res,36,1000,2040
res,36,1000,2041
res,36,1000,2042
res,36,1000,2043
res,36,1000,2044
res,36,1000,2045
res,36,1000,2046
res,36,1000,2047
res,36,1000,2048
res,36,1000,2049
res,36,1000,2050
res,37,1000,2015
res,37,1000,2016
res,37,1000,2017
res,37,1000,2018
res,37,1000,2019
res,37,1000,2020
res,37,1000,2021
res,37,1000,2022
res,37,1000,2023
res,37,1000,2024
res,37,1000,2025
res,37,1000,2026
res,37,1000,2027
res,37,1000,2028
res,37,1000,2029
res,37,1000,2030
res,37,1000,2031
res,37,1000,2032
res,37,1000,2033
res,37,1000,2034
res,37,1000,2035
res,37,1000,2036
res,37,1000,2037
res,37,1000,2038
res,37,1000,2039
res,37,1000,2040
res,37,1000,2041
res,37,1000,2042
res,37,1000,2043
res,37,1000,2044
res,37,1000,2045
res,37,1000,2046
res,37,1000,2047
res,37,1000,2048
res,37,1000,2049
res,37,1000,2050
res,38,1000,2015
res,38,1000,2016
res,38,1000,2017
res,38,1000,2018
res,38,1000,2019
res,38,1000,2020
res,38,1000,2021
res,38,1000,2022
res,38,1000,2023
res,38,1000,2024
res,38,1000,2025
res,38,1000,2026
res,38,1000,2027
res,38,1000,2028
res,38,1000,2029
res,38,1000,2030
res,38,1000,2031
res,38,1000,2032
res,38,1000,2033
res,38,1000,2034
res,38,1000,2035
res,38,1000,2036
res,38,1000,2037
res,38,1000,2038
res,38,1000,2039
res,38,1000,2040
res,38,1000,2041
res,38,1000,2042
res,38,1000,2043
res,38,1000,2044
res,38,1000,2045
res,38,1000,2046
res,38,1000,2047
res,38,1000,2048
res,38,1000,2049
res,38,1000,2050
res,39,1000,2015
res,39,1000,2016
res,39,1000,2017
res,39,1000,2018
res,39,1000,2019
res,39,1000,2020
res,39,1000,2021
res,39,1000,2022
res,39,1000,2023
res,39,1000,2024
res,39,1000,2025
res,39,1000,2026
res,39,1000,2027
res,39,1000,2028
res,39,1000,2029
res,39,1000,2030
res,39,1000,2031
res,39,1000,2032
res,39,1000,2033
res,39,1000,2034
res,39,1000,2035
res,39,1000,2036
res,39,1000,2037
res,39,1000,2038
res,39,1000,2039
res,39,1000,2040
res,39,1000,2041
res,39,1000,2042
res,39,1000,2043
res,39,1000,2044
res,39,1000,2045
res,39,1000,2046
res,39,1000,2047
res,39,1000,2048
res,39,1000,2049
res,39,1000,2050
res,40,1000,2015
res,40,1000,2016
res,40,1000,2017
res,40,1000,2018
res,40,1000,2019
res,40,1000,2020
res,40,1000,2021
res,40,1000,2022
res,40,1000,2023
res,40,1000,2024
res,40,1000,2025
res,40,1000,2026
res,40,1000,2027
res,40,1000,2028
res,40,1000,2029
res,40,1000,2030
res,40,1000,2031
res,40,1000,2032
res,40,1000,2033
res,40,1000,2034
res,40,1000,2035
res,40,1000,2036
res,40,1000,2037
res,40,1000,2038
res,40,1000,2039
res,40,1000,2040
res,40,1000,2041
res,40,1000,2042
res,40,1000,2043
res,40,1000,2044
res,40,1000,2045
res,40,1000,2046
res,40,1000,2047
res,40,1000,2048
res,40,1000,2049
res,40,1000,2050
res,41,1000,2015
res,41,1000,2016
res,41,1000,2017
res,41,1000,2018
res,41,1000,2019
res,41,1000,2020
res,41,1000,2021
res,41,1000,2022
res,41,1000,2023
res,41,1000,2024
res,41,1000,2025
res,41,1000,2026
res,41,1000,2027
res,41,1000,2028
res,41,1000,2029
res,41,1000,2030
res,41,1000,2031
res,41,1000,2032
res,41,1000,2033
res,41,1000,2034
res,41,1000,2035
res,41,1000,2036
res,41,1000,2037
res,41,1000,2038
res,41,1000,2039
res,41,1000,2040
res,41,1000,2041
res,41,1000,2042
res,41,1000,2043
res,41,1000,2044
res,41,1000,2045
res,41,1000,2046
res,41,1000,2047
res,41,1000,2048
res,41,1000,2049
res,41,1000,2050
res,42,1000,2015
res,42,1000,2016
res,42,1000,2017
res,42,1000,2018
res,42,1000,2019
res,42,1000,2020
res,42,1000,2021
res,42,1000,2022
res,42,1000,2023
res,42,1000,2024
res,42,1000,2025
res,42,1000,2026
res,42,1000,2027
res,42,1000,2028
res,42,1000,2029
res,42,1000,2030
res,42,1000,2031
res,42,1000,2032
res,42,1000,2033
res,42,1000,2034
res,42,1000,2035
res,42,1000,2036
res,42,1000,2037
res,42,1000,2038
res,42,1000,2039
res,42,1000,2040
res,42,1000,2041
res,42,1000,2042
res,42,1000,2043
res,42,1000,2044
res,42,1000,2045
res,42,1000,2046
res,42,1000,2047
res,42,1000,2048
res,42,1000,2049
res,42,1000,2050
com,1,5000,2015
com,1,5000,2016
com,1,5000,2017
com,1,5000,2018
com,1,5000,2019
com,1,5000,2020
com,1,5000,2021
com,1,5000,2022
com,1,5000,2023
com,1,5000,2024
com,1,5000,2025
com,1,5000,2026
com,1,5000,2027
com,1,5000,2028
com,1,5000,2029
com,1,5000,2030
com,1,5000,2031
com,1,5000,2032
com,1,5000,2033
com,1,5000,2034
com,1,5000,2035
com,1,5000,2036
com,1,5000,2037
com,1,5000,2038
com,1,5000,2039
com,1,5000,2040
com,1,5000,2041
com,1,5000,2042
com,1,5000,2043
com,1,5000,2044
com,1,5000,2045
com,1,5000,2046
com,1,5000,2047
com,1,5000,2048
com,1,5000,2049
com,1,5000,2050
com,2,5000,2015
com,2,5000,2016
com,2,5000,2017
com,2,5000,2018
com,2,5000,2019
com,2,5000,2020
com,2,5000,2021
com,2,5000,2022
com,2,5000,2023
com,2,5000,2024
com,2,5000,2025
com,2,5000,2026
com,2,5000,2027
com,2,5000,2028
com,2,5000,2029
com,2,5000,2030
com,2,5000,2031
com,2,5000,2032
com,2,5000,2033
com,2,5000,2034
com,2,5000,2035
com,2,5000,2036
com,2,5000,2037
com,2,5000,2038
com,2,5000,2039
com,2,5000,2040
com,2,5000,2041
com,2,5000,2042
com,2,5000,2043
com,2,5000,2044
com,2,5000,2045
com,2,5000,2046
com,2,5000,2047
com,2,5000,2048
com,2,5000,2049
com,2,5000,2050
com,3,5000,2015
com,3,5000,2016
com,3,5000,2017
com,3,5000,2018
com,3,5000,2019
com,3,5000,2020
com,3,5000,2021
com,3,5000,2022
com,3,5000,2023
com,3,5000,2024
com,3,5000,2025
com,3,5000,2026
com,3,5000,2027
com,3,5000,2028
com,3,5000,2029
com,3,5000,2030
com,3,5000,2031
com,3,5000,2032
com,3,5000,2033
com,3,5000,2034
com,3,5000,2035
com,3,5000,2036
com,3,5000,2037
com,3,5000,2038
com,3,5000,2039
com,3,5000,2040
com,3,5000,2041
com,3,5000,2042
com,3,5000,2043
com,3,5000,2044
com,3,5000,2045
com,3,5000,2046
com,3,5000,2047
com,3,5000,2048
com,3,5000,2049
com,3,5000,2050
com,4,5000,2015
com,4,5000,2016
com,4,5000,2017
com,4,5000,2018
com,4,5000,2019
com,4,5000,2020
com,4,5000,2021
com,4,5000,2022
com,4,5000,2023
com,4,5000,2024
com,4,5000,2025
com,4,5000,2026
com,4,5000,2027
com,4,5000,2028
com,4,5000,2029
com,4,5000,2030
com,4,5000,2031
com,4,5000,2032
com,4,5000,2033
com,4,5000,2034
com,4,5000,2035
com,4,5000,2036
com,4,5000,2037
com,4,5000,2038
com,4,5000,2039
com,4,5000,2040
com,4,5000,2041
com,4,5000,2042
com,4,5000,2043
com,4,5000,2044
com,4,5000,2045
com,4,5000,2046
com,4,5000,2047
com,4,5000,2048
com,4,5000,2049
com,4,5000,2050
com,5,5000,2015
com,5,5000,2016
com,5,5000,2017
com,5,5000,2018
com,5,5000,2019
com,5,5000,2020
com,5,5000,2021
com,5,5000,2022
com,5,5000,2023
com,5,5000,2024
com,5,5000,2025
com,5,5000,2026
com,5,5000,2027
com,5,5000,2028
com,5,5000,2029
com,5,5000,2030
com,5,5000,2031
com,5,5000,2032
com,5,5000,2033
com,5,5000,2034
com,5,5000,2035
com,5,5000,2036
com,5,5000,2037
com,5,5000,2038
com,5,5000,2039
com,5,5000,2040
com,5,5000,2041
com,5,5000,2042
com,5,5000,2043
com,5,5000,2044
com,5,5000,2045
com,5,5000,2046
com,5,5000,2047
com,5,5000,2048
com,5,5000,2049
com,5,5000,2050
com,6,5000,2015
com,6,5000,2016
com,6,5000,2017
com,6,5000,2018
com,6,5000,2019
com,6,5000,2020
com,6,5000,2021
com,6,5000,2022
com,6,5000,2023
com,6,5000,2024
com,6,5000,2025
com,6,5000,2026
com,6,5000,2027
com,6,5000,2028
com,6,5000,2029
com,6,5000,2030
com,6,5000,2031
com,6,5000,2032
com,6,5000,2033
com,6,5000,2034
com,6,5000,2035
com,6,5000,2036
com,6,5000,2037
com,6,5000,2038
com,6,5000,2039
com,6,5000,2040
com,6,5000,2041
com,6,5000,2042
com,6,5000,2043
com,6,5000,2044
com,6,5000,2045
com,6,5000,2046
com,6,5000,2047
com,6,5000,2048
com,6,5000,2049
com,6,5000,2050
com,7,5000,2015
com,7,5000,2016
com,7,5000,2017
com,7,5000,2018
com,7,5000,2019
com,7,5000,2020
com,7,5000,2021
com,7,5000,2022
com,7,5000,2023
com,7,5000,2024
com,7,5000,2025
com,7,5000,2026
com,7,5000,2027
com,7,5000,2028
com,7,5000,2029
com,7,5000,2030
com,7,5000,2031
com,7,5000,2032
com,7,5000,2033
com,7,5000,2034
com,7,5000,2035
com,7,5000,2036
com,7,5000,2037
com,7,5000,2038
com,7,5000,2039
com,7,5000,2040
com,7,5000,2041
com,7,5000,2042
com,7,5000,2043
com,7,5000,2044
com,7,5000,2045
com,7,5000,2046
com,7,5000,2047
com,7,5000,2048
com,7,5000,2049
com,7,5000,2050
com,8,5000,2015
com,8,5000,2016
com,8,5000,2017
com,8,5000,2018
com,8,5000,2019
com,8,5000,2020
com,8,5000,2021
com,8,5000,2022
com,8,5000,2023
com,8,5000,2024
com,8,5000,2025
com,8,5000,2026
com,8,5000,2027
com,8,5000,2028
com,8,5000,2029
com,8,5000,2030
com,8,5000,2031
com,8,5000,2032
com,8,5000,2033
com,8,5000,2034
com,8,5000,2035
com,8,5000,2036
com,8,5000,2037
com,8,5000,2038
com,8,5000,2039
com,8,5000,2040
com,8,5000,2041
com,8,5000,2042
com,8,5000,2043
com,8,5000,2044
com,8,5000,2045
com,8,5000,2046
com,8,5000,2047
com,8,5000,2048
com,8,5000,2049
com,8,5000,2050
com,9,5000,2015
com,9,5000,2016
com,9,5000,2017
com,9,5000,2018
com,9,5000,2019
com,9,5000,2020
com,9,5000,2021
com,9,5000,2022
com,9,5000,2023
com,9,5000,2024
com,9,5000,2025
com,9,5000,2026
com,9,5000,2027
com,9,5000,2028
com,9,5000,2029
com,9,5000,2030
com,9,5000,2031
com,9,5000,2032
com,9,5000,2033
com,9,5000,2034
com,9,5000,2035
com,9,5000,2036
com,9,5000,2037
com,9,5000,2038
com,9,5000,2039
com,9,5000,2040
com,9,5000,2041
com,9,5000,2042
com,9,5000,2043
com,9,5000,2044
com,9,5000,2045
com,9,5000,2046
com,9,5000,2047
com,9,5000,2048
com,9,5000,2049
com,9,5000,2050
com,10,5000,2015
com,10,5000,2016
com,10,5000,2017
com,10,5000,2018
com,10,5000,2019
com,10,5000,2020
com,10,5000,2021
com,10,5000,2022
com,10,5000,2023
com,10,5000,2024
com,10,5000,2025
com,10,5000,2026
com,10,5000,2027
com,10,5000,2028
com,10,5000,2029
com,10,5000,2030
com,10,5000,2031
com,10,5000,2032
com,10,5000,2033
com,10,5000,2034
com,10,5000,2035
com,10,5000,2036
com,10,5000,2037
com,10,5000,2038
com,10,5000,2039
com,10,5000,2040
com,10,5000,2041
com,10,5000,2042
com,10,5000,2043
com,10,5000,2044
com,10,5000,2045
com,10,5000,2046
com,10,5000,2047
com,10,5000,2048
com,10,5000,2049
com,10,5000,2050
com,11,5000,2015
com,11,5000,2016
com,11,5000,2017
com,11,5000,2018
com,11,5000,2019
com,11,5000,2020
com,11,5000,2021
com,11,5000,2022
com,11,5000,2023
com,11,5000,2024
com,11,5000,2025
com,11,5000,2026
com,11,5000,2027
com,11,5000,2028
com,11,5000,2029
com,11,5000,2030
com,11,5000,2031
com,11,5000,2032
com,11,5000,2033
com,11,5000,2034
com,11,5000,2035
com,11,5000,2036
com,11,5000,2037
com,11,5000,2038
com,11,5000,2039
com,11,5000,2040
com,11,5000,2041
com,11,5000,2042
com,11,5000,2043
com,11,5000,2044
com,11,5000,2045
com,11,5000,2046
com,11,5000,2047
com,11,5000,2048
com,11,5000,2049
com,11,5000,2050
com,12,5000,2015
com,12,5000,2016
com,12,5000,2017
com,12,5000,2018
com,12,5000,2019
com,12,5000,2020
com,12,5000,2021
com,12,5000,2022
com,12,5000,2023
com,12,5000,2024
com,12,5000,2025
com,12,5000,2026
com,12,5000,2027
com,12,5000,2028
com,12,5000,2029
com,12,5000,2030
com,12,5000,2031
com,12,5000,2032
com,12,5000,2033
com,12,5000,2034
com,12,5000,2035
com,12,5000,2036
com,12,5000,2037
com,12,5000,2038
com,12,5000,2039
com,12,5000,2040
com,12,5000,2041
com,12,5000,2042
com,12,5000,2043
com,12,5000,2044
com,12,5000,2045
com,12,5000,2046
com,12,5000,2047
com,12,5000,2048
com,12,5000,2049
com,12,5000,2050
com,13,5000,2015
com,13,5000,2016
com,13,5000,2017
com,13,5000,2018
com,13,5000,2019
com,13,5000,2020
com,13,5000,2021
com,13,5000,2022
com,13,5000,2023
com,13,5000,2024
com,13,5000,2025
com,13,5000,2026
com,13,5000,2027
com,13,5000,2028
com,13,5000,2029
com,13,5000,2030
com,13,5000,2031
com,13,5000,2032
com,13,5000,2033
com,13,5000,2034
com,13,5000,2035
com,13,5000,2036
com,13,5000,2037
com,13,5000,2038
com,13,5000,2039
com,13,5000,2040
com,13,5000,2041
com,13,5000,2042
com,13,5000,2043
com,13,5000,2044
com,13,5000,2045
com,13,5000,2046
com,13,5000,2047
com,13,5000,2048
com,13,5000,2049
com,13,5000,2050
com,14,5000,2015
com,14,5000,2016
com,14,5000,2017
com,14,5000,2018
com,14,5000,2019
com,14,5000,2020
com,14,5000,2021
com,14,5000,2022
com,14,5000,2023
com,14,5000,2024
com,14,5000,2025
com,14,5000,2026
com,14,5000,2027
com,14,5000,2028
com,14,5000,2029
com,14,5000,2030
com,14,5000,2031
com,14,5000,2032
com,14,5000,2033
com,14,5000,2034
com,14,5000,2035
com,14,5000,2036
com,14,5000,2037
com,14,5000,2038
com,14,5000,2039
com,14,5000,2040
com,14,5000,2041
com,14,5000,2042
com,14,5000,2043
com,14,5000,2044
com,14,5000,2045
com,14,5000,2046
com,14,5000,2047
com,14,5000,2048
com,14,5000,2049
com,14,5000,2050
com,15,5000,2015
com,15,5000,2016
com,15,5000,2017
com,15,5000,2018
com,15,5000,2019
com,15,5000,2020
com,15,5000,2021
com,15,5000,2022
com,15,5000,2023
com,15,5000,2024
com,15,5000,2025
com,15,5000,2026
com,15,5000,2027
com,15,5000,2028
com,15,5000,2029
com,15,5000,2030
com,15,5000,2031
com,15,5000,2032
com,15,5000,2033
com,15,5000,2034
com,15,5000,2035
com,15,5000,2036
com,15,5000,2037
com,15,5000,2038
com,15,5000,2039
com,15,5000,2040
com,15,5000,2041
com,15,5000,2042
com,15,5000,2043
com,15,5000,2044
com,15,5000,2045
com,15,5000,2046
com,15,5000,2047
com,15,5000,2048
com,15,5000,2049
com,15,5000,2050
com,16,5000,2015
com,16,5000,2016
com,16,5000,2017
com,16,5000,2018
com,16,5000,2019
com,16,5000,2020
com,16,5000,2021
com,16,5000,2022
com,16,5000,2023
com,16,5000,2024
com,16,5000,2025
com,16,5000,2026
com,16,5000,2027
com,16,5000,2028
com,16,5000,2029
com,16,5000,2030
com,16,5000,2031
com,16,5000,2032
com,16,5000,2033
com,16,5000,2034
com,16,5000,2035
com,16,5000,2036
com,16,5000,2037
com,16,5000,2038
com,16,5000,2039
com,16,5000,2040
com,16,5000,2041
com,16,5000,2042
com,16,5000,2043
com,16,5000,2044
com,16,5000,2045
com,16,5000,2046
com,16,5000,2047
com,16,5000,2048
com,16,5000,2049
com,16,5000,2050
com,17,5000,2015
com,17,5000,2016
com,17,5000,2017
com,17,5000,2018
com,17,5000,2019
com,17,5000,2020
com,17,5000,2021
com,17,5000,2022
com,17,5000,2023
com,17,5000,2024
com,17,5000,2025
com,17,5000,2026
com,17,5000,2027
com,17,5000,2028
com,17,5000,2029
com,17,5000,2030
com,17,5000,2031
com,17,5000,2032
com,17,5000,2033
com,17,5000,2034
com,17,5000,2035
com,17,5000,2036
com,17,5000,2037
com,17,5000,2038
com,17,5000,2039
com,17,5000,2040
com,17,5000,2041
com,17,5000,2042
com,17,5000,2043
com,17,5000,2044
com,17,5000,2045
com,17,5000,2046
com,17,5000,2047
com,17,5000,2048
com,17,5000,2049
com,17,5000,2050
com,18,5000,2015
com,18,5000,2016
com,18,5000,2017
com,18,5000,2018
com,18,5000,2019
com,18,5000,2020
com,18,5000,2021
com,18,5000,2022
com,18,5000,2023
com,18,5000,2024
com,18,5000,2025
com,18,5000,2026
com,18,5000,2027
com,18,5000,2028
com,18,5000,2029
com,18,5000,2030
com,18,5000,2031
com,18,5000,2032
com,18,5000,2033
com,18,5000,2034
com,18,5000,2035
com,18,5000,2036
com,18,5000,2037
com,18,5000,2038
com,18,5000,2039
com,18,5000,2040
com,18,5000,2041
com,18,5000,2042
com,18,5000,2043
com,18,5000,2044
com,18,5000,2045
com,18,5000,2046
com,18,5000,2047
com,18,5000,2048
com,18,5000,2049
com,18,5000,2050
com,19,5000,2015
com,19,5000,2016
com,19,5000,2017
com,19,5000,2018
com,19,5000,2019
com,19,5000,2020
com,19,5000,2021
com,19,5000,2022
com,19,5000,2023
com,19,5000,2024
com,19,5000,2025
com,19,5000,2026
com,19,5000,2027
com,19,5000,2028
com,19,5000,2029
com,19,5000,2030
com,19,5000,2031
com,19,5000,2032
com,19,5000,2033
com,19,5000,2034
com,19,5000,2035
com,19,5000,2036
com,19,5000,2037
com,19,5000,2038
com,19,5000,2039
com,19,5000,2040
com,19,5000,2041
com,19,5000,2042
com,19,5000,2043
com,19,5000,2044
com,19,5000,2045
com,19,5000,2046
com,19,5000,2047
com,19,5000,2048
com,19,5000,2049
com,19,5000,2050
com,20,5000,2015
com,20,5000,2016
com,20,5000,2017
com,20,5000,2018
com,20,5000,2019
com,20,5000,2020
com,20,5000,2021
com,20,5000,2022
com,20,5000,2023
com,20,5000,2024
com,20,5000,2025
com,20,5000,2026
com,20,5000,2027
com,20,5000,2028
com,20,5000,2029
com,20,5000,2030
com,20,5000,2031
com,20,5000,2032
com,20,5000,2033
com,20,5000,2034
com,20,5000,2035
com,20,5000,2036
com,20,5000,2037
com,20,5000,2038
com,20,5000,2039
com,20,5000,2040
com,20,5000,2041
com,20,5000,2042
com,20,5000,2043
com,20,5000,2044
com,20,5000,2045
com,20,5000,2046
com,20,5000,2047
com,20,5000,2048
com,20,5000,2049
com,20,5000,2050
com,21,5000,2015
com,21,5000,2016
com,21,5000,2017
com,21,5000,2018
com,21,5000,2019
com,21,5000,2020
com,21,5000,2021
com,21,5000,2022
com,21,5000,2023
com,21,5000,2024
com,21,5000,2025
com,21,5000,2026
com,21,5000,2027
com,21,5000,2028
com,21,5000,2029
com,21,5000,2030
com,21,5000,2031
com,21,5000,2032
com,21,5000,2033
com,21,5000,2034
com,21,5000,2035
com,21,5000,2036
com,21,5000,2037
com,21,5000,2038
com,21,5000,2039
com,21,5000,2040
com,21,5000,2041
com,21,5000,2042
com,21,5000,2043
com,21,5000,2044
com,21,5000,2045
com,21,5000,2046
com,21,5000,2047
com,21,5000,2048
com,21,5000,2049
com,21,5000,2050
com,22,5000,2015
com,22,5000,2016
com,22,5000,2017
com,22,5000,2018
com,22,5000,2019
com,22,5000,2020
com,22,5000,2021
com,22,5000,2022
com,22,5000,2023
com,22,5000,2024
com,22,5000,2025
com,22,5000,2026
com,22,5000,2027
com,22,5000,2028
com,22,5000,2029
com,22,5000,2030
com,22,5000,2031
com,22,5000,2032
com,22,5000,2033
com,22,5000,2034
com,22,5000,2035
com,22,5000,2036
com,22,5000,2037
com,22,5000,2038
com,22,5000,2039
com,22,5000,2040
com,22,5000,2041
com,22,5000,2042
com,22,5000,2043
com,22,5000,2044
com,22,5000,2045
com,22,5000,2046
com,22,5000,2047
com,22,5000,2048
com,22,5000,2049
com,22,5000,2050
com,23,5000,2015
com,23,5000,2016
com,23,5000,2017
com,23,5000,2018
com,23,5000,2019
com,23,5000,2020
com,23,5000,2021
com,23,5000,2022
com,23,5000,2023
com,23,5000,2024
com,23,5000,2025
com,23,5000,2026
com,23,5000,2027
com,23,5000,2028
com,23,5000,2029
com,23,5000,2030
com,23,5000,2031
com,23,5000,2032
com,23,5000,2033
com,23,5000,2034
com,23,5000,2035
com,23,5000,2036
com,23,5000,2037
com,23,5000,2038
com,23,5000,2039
com,23,5000,2040
com,23,5000,2041
com,23,5000,2042
com,23,5000,2043
com,23,5000,2044
com,23,5000,2045
com,23,5000,2046
com,23,5000,2047
com,23,5000,2048
com,23,5000,2049
com,23,5000,2050
com,24,5000,2015
com,24,5000,2016
com,24,5000,2017
com,24,5000,2018
com,24,5000,2019
com,24,5000,2020
com,24,5000,2021
com,24,5000,2022
com,24,5000,2023
com,24,5000,2024
com,24,5000,2025
com,24,5000,2026
com,24,5000,2027
com,24,5000,2028
com,24,5000,2029
com,24,5000,2030
com,24,5000,2031
com,24,5000,2032
com,24,5000,2033
com,24,5000,2034
com,24,5000,2035
com,24,5000,2036
com,24,5000,2037
com,24,5000,2038
com,24,5000,2039
com,24,5000,2040
com,24,5000,2041
com,24,5000,2042
com,24,5000,2043
com,24,5000,2044
com,24,5000,2045
com,24,5000,2046
com,24,5000,2047
com,24,5000,2048
com,24,5000,2049
com,24,5000,2050
com,25,5000,2015
com,25,5000,2016
com,25,5000,2017
com,25,5000,2018
com,25,5000,2019
com,25,5000,2020
com,25,5000,2021
com,25,5000,2022
com,25,5000,2023
com,25,5000,2024
com,25,5000,2025
com,25,5000,2026
com,25,5000,2027
com,25,5000,2028
com,25,5000,2029
com,25,5000,2030
com,25,5000,2031
com,25,5000,2032
com,25,5000,2033
com,25,5000,2034
com,25,5000,2035
com,25,5000,2036
com,25,5000,2037
com,25,5000,2038
com,25,5000,2039
com,25,5000,2040
com,25,5000,2041
com,25,5000,2042
com,25,5000,2043
com,25,5000,2044
com,25,5000,2045
com,25,5000,2046
com,25,5000,2047
com,25,5000,2048
com,25,5000,2049
com,25,5000,2050
com,26,5000,2015
com,26,5000,2016
com,26,5000,2017
com,26,5000,2018
com,26,5000,2019
com,26,5000,2020
com,26,5000,2021
com,26,5000,2022
com,26,5000,2023
com,26,5000,2024
com,26,5000,2025
com,26,5000,2026
com,26,5000,2027
com,26,5000,2028
com,26,5000,2029
com,26,5000,2030
com,26,5000,2031
com,26,5000,2032
com,26,5000,2033
com,26,5000,2034
com,26,5000,2035
com,26,5000,2036
com,26,5000,2037
com,26,5000,2038
com,26,5000,2039
com,26,5000,2040
com,26,5000,2041
com,26,5000,2042
com,26,5000,2043
com,26,5000,2044
com,26,5000,2045
com,26,5000,2046
com,26,5000,2047
com,26,5000,2048
com,26,5000,2049
com,26,5000,2050
com,27,5000,2015
com,27,5000,2016
com,27,5000,2017
com,27,5000,2018
com,27,5000,2019
com,27,5000,2020
com,27,5000,2021
com,27,5000,2022
com,27,5000,2023
com,27,5000,2024
com,27,5000,2025
com,27,5000,2026
com,27,5000,2027
com,27,5000,2028
com,27,5000,2029
com,27,5000,2030
com,27,5000,2031
com,27,5000,2032
com,27,5000,2033
com,27,5000,2034
com,27,5000,2035
com,27,5000,2036
com,27,5000,2037
com,27,5000,2038
com,27,5000,2039
com,27,5000,2040
com,27,5000,2041
com,27,5000,2042
com,27,5000,2043
com,27,5000,2044
com,27,5000,2045
com,27,5000,2046
com,27,5000,2047
com,27,5000,2048
com,27,5000,2049
com,27,5000,2050
com,28,5000,2015
com,28,5000,2016
com,28,5000,2017
com,28,5000,2018
com,28,5000,2019
com,28,5000,2020
com,28,5000,2021
com,28,5000,2022
com,28,5000,2023
com,28,5000,2024
com,28,5000,2025
com,28,5000,2026
com,28,5000,2027
com,28,5000,2028
com,28,5000,2029
com,28,5000,2030
com,28,5000,2031
com,28,5000,2032
com,28,5000,2033
com,28,5000,2034
com,28,5000,2035
com,28,5000,2036
com,28,5000,2037
com,28,5000,2038
com,28,5000,2039
com,28,5000,2040
com,28,5000,2041
com,28,5000,2042
com,28,5000,2043
com,28,5000,2044
com,28,5000,2045
com,28,5000,2046
com,28,5000,2047
com,28,5000,2048
com,28,5000,2049
com,28,5000,2050
com,29,5000,2015
com,29,5000,2016
com,29,5000,2017
com,29,5000,2018
com,29,5000,2019
com,29,5000,2020
com,29,5000,2021
com,29,5000,2022
com,29,5000,2023
com,29,5000,2024
com,29,5000,2025
com,29,5000,2026
com,29,5000,2027
com,29,5000,2028
com,29,5000,2029
com,29,5000,2030
com,29,5000,2031
com,29,5000,2032
com,29,5000,2033
com,29,5000,2034
com,29,5000,2035
com,29,5000,2036
com,29,5000,2037
com,29,5000,2038
com,29,5000,2039
com,29,5000,2040
com,29,5000,2041
com,29,5000,2042
com,29,5000,2043
com,29,5000,2044
com,29,5000,2045
com,29,5000,2046
com,29,5000,2047
com,29,5000,2048
com,29,5000,2049
com,29,5000,2050
com,30,5000,2015
com,30,5000,2016
com,30,5000,2017
com,30,5000,2018
com,30,5000,2019
com,30,5000,2020
com,30,5000,2021
com,30,5000,2022
com,30,5000,2023
com,30,5000,2024
com,30,5000,2025
com,30,5000,2026
com,30,5000,2027
com,30,5000,2028
com,30,5000,2029
com,30,5000,2030
com,30,5000,2031
com,30,5000,2032
com,30,5000,2033
com,30,5000,2034
com,30,5000,2035
com,30,5000,2036
com,30,5000,2037
com,30,5000,2038
com,30,5000,2039
com,30,5000,2040
com,30,5000,2041
com,30,5000,2042
com,30,5000,2043
com,30,5000,2044
com,30,5000,2045
com,30,5000,2046
com,30,5000,2047
com,30,5000,2048
com,30,5000,2049
com,30,5000,2050
com,31,5000,2015
com,31,5000,2016
com,31,5000,2017
com,31,5000,2018
com,31,5000,2019
com,31,5000,2020
com,31,5000,2021
com,31,5000,2022
com,31,5000,2023
com,31,5000,2024
com,31,5000,2025
com,31,5000,2026
com,31,5000,2027
com,31,5000,2028
com,31,5000,2029
com,31,5000,2030
com,31,5000,2031
com,31,5000,2032
com,31,5000,2033
com,31,5000,2034
com,31,5000,2035
com,31,5000,2036
com,31,5000,2037
com,31,5000,2038
com,31,5000,2039
com,31,5000,2040
com,31,5000,2041
com,31,5000,2042
com,31,5000,2043
com,31,5000,2044
com,31,5000,2045
com,31,5000,2046
com,31,5000,2047
com,31,5000,2048
com,31,5000,2049
com,31,5000,2050
com,32,5000,2015
com,32,5000,2016
com,32,5000,2017
com,32,5000,2018
com,32,5000,2019
com,32,5000,2020
com,32,5000,2021
com,32,5000,2022
com,32,5000,2023
com,32,5000,2024
com,32,5000,2025
com,32,5000,2026
com,32,5000,2027
com,32,5000,2028
com,32,5000,2029
com,32,5000,2030
com,32,5000,2031
com,32,5000,2032
com,32,5000,2033
com,32,5000,2034
com,32,5000,2035
com,32,5000,2036
com,32,5000,2037
com,32,5000,2038
com,32,5000,2039
com,32,5000,2040
com,32,5000,2041
com,32,5000,2042
com,32,5000,2043
com,32,5000,2044
com,32,5000,2045
com,32,5000,2046
com,32,5000,2047
com,32,5000,2048
com,32,5000,2049
com,32,5000,2050
com,33,5000,2015
com,33,5000,2016
com,33,5000,2017
com,33,5000,2018
com,33,5000,2019
com,33,5000,2020
com,33,5000,2021
com,33,5000,2022
com,33,5000,2023
com,33,5000,2024
com,33,5000,2025
com,33,5000,2026
com,33,5000,2027
com,33,5000,2028
com,33,5000,2029
com,33,5000,2030
com,33,5000,2031
com,33,5000,2032
com,33,5000,2033
com,33,5000,2034
com,33,5000,2035
com,33,5000,2036
com,33,5000,2037
com,33,5000,2038
com,33,5000,2039
com,33,5000,2040
com,33,5000,2041
com,33,5000,2042
com,33,5000,2043
com,33,5000,2044
com,33,5000,2045
com,33,5000,2046
com,33,5000,2047
com,33,5000,2048
com,33,5000,2049
com,33,5000,2050
com,34,5000,2015
com,34,5000,2016
com,34,5000,2017
com,34,5000,2018
com,34,5000,2019
com,34,5000,2020
com,34,5000,2021
com,34,5000,2022
com,34,5000,2023
com,34,5000,2024
com,34,5000,2025
com,34,5000,2026
com,34,5000,2027
com,34,5000,2028
com,34,5000,2029
com,34,5000,2030
com,34,5000,2031
com,34,5000,2032
com,34,5000,2033
com,34,5000,2034
com,34,5000,2035
com,34,5000,2036
com,34,5000,2037
com,34,5000,2038
com,34,5000,2039
com,34,5000,2040
com,34,5000,2041
com,34,5000,2042
com,34,5000,2043
com,34,5000,2044
com,34,5000,2045
com,34,5000,2046
com,34,5000,2047
com,34,5000,2048
com,34,5000,2049
com,34,5000,2050
com,35,5000,2015
com,35,5000,2016
com,35,5000,2017
com,35,5000,2018
com,35,5000,2019
com,35,5000,2020
com,35,5000,2021
com,35,5000,2022
com,35,5000,2023
com,35,5000,2024
com,35,5000,2025
com,35,5000,2026
com,35,5000,2027
com,35,5000,2028
com,35,5000,2029
com,35,5000,2030
com,35,5000,2031
com,35,5000,2032
com,35,5000,2033
com,35,5000,2034
com,35,5000,2035
com,35,5000,2036
com,35,5000,2037
com,35,5000,2038
com,35,5000,2039
com,35,5000,2040
com,35,5000,2041
com,35,5000,2042
com,35,5000,2043
com,35,5000,2044
com,35,5000,2045
com,35,5000,2046
com,35,5000,2047
com,35,5000,2048
com,35,5000,2049
com,35,5000,2050
com,36,5000,2015
com,36,5000,2016
com,36,5000,2017
com,36,5000,2018
com,36,5000,2019
com,36,5000,2020
com,36,5000,2021
com,36,5000,2022
com,36,5000,2023
com,36,5000,2024
com,36,5000,2025
com,36,5000,2026
com,36,5000,2027
com,36,5000,2028
com,36,5000,2029
com,36,5000,2030
com,36,5000,2031
com,36,5000,2032
com,36,5000,2033
com,36,5000,2034
com,36,5000,2035
com,36,5000,2036
com,36,5000,2037
com,36,5000,2038
com,36,5000,2039
com,36,5000,2040
com,36,5000,2041
com,36,5000,2042
com,36,5000,2043
com,36,5000,2044
com,36,5000,2045
com,36,5000,2046
com,36,5000,2047
com,36,5000,2048
com,36,5000,2049
com,36,5000,2050
com,37,5000,2015
com,37,5000,2016
com,37,5000,2017
com,37,5000,2018
com,37,5000,2019
com,37,5000,2020
com,37,5000,2021
com,37,5000,2022
com,37,5000,2023
com,37,5000,2024
com,37,5000,2025
com,37,5000,2026
com,37,5000,2027
com,37,5000,2028
com,37,5000,2029
com,37,5000,2030
com,37,5000,2031
com,37,5000,2032
com,37,5000,2033
com,37,5000,2034
com,37,5000,2035
com,37,5000,2036
com,37,5000,2037
com,37,5000,2038
com,37,5000,2039
com,37,5000,2040
com,37,5000,2041
com,37,5000,2042
com,37,5000,2043
com,37,5000,2044
com,37,5000,2045
com,37,5000,2046
com,37,5000,2047
com,37,5000,2048
com,37,5000,2049
com,37,5000,2050
com,38,5000,2015
com,38,5000,2016
com,38,5000,2017
com,38,5000,2018
com,38,5000,2019
com,38,5000,2020
com,38,5000,2021
com,38,5000,2022
com,38,5000,2023
com,38,5000,2024
com,38,5000,2025
com,38,5000,2026
com,38,5000,2027
com,38,5000,2028
com,38,5000,2029
com,38,5000,2030
com,38,5000,2031
com,38,5000,2032
com,38,5000,2033
com,38,5000,2034
com,38,5000,2035
com,38,5000,2036
com,38,5000,2037
com,38,5000,2038
com,38,5000,2039
com,38,5000,2040
com,38,5000,2041
com,38,5000,2042
com,38,5000,2043
com,38,5000,2044
com,38,5000,2045
com,38,5000,2046
com,38,5000,2047
com,38,5000,2048
com,38,5000,2049
com,38,5000,2050
com,39,5000,2015
com,39,5000,2016
com,39,5000,2017
com,39,5000,2018
com,39,5000,2019
com,39,5000,2020
com,39,5000,2021
com,39,5000,2022
com,39,5000,2023
com,39,5000,2024
com,39,5000,2025
com,39,5000,2026
com,39,5000,2027
com,39,5000,2028
com,39,5000,2029
com,39,5000,2030
com,39,5000,2031
com,39,5000,2032
com,39,5000,2033
com,39,5000,2034
com,39,5000,2035
com,39,5000,2036
com,39,5000,2037
com,39,5000,2038
com,39,5000,2039
com,39,5000,2040
com,39,5000,2041
com,39,5000,2042
com,39,5000,2043
com,39,5000,2044
com,39,5000,2045
com,39,5000,2046
com,39,5000,2047
com,39,5000,2048
com,39,5000,2049
com,39,5000,2050
com,40,5000,2015
com,40,5000,2016
com,40,5000,2017
com,40,5000,2018
com,40,5000,2019
com,40,5000,2020
com,40,5000,2021
com,40,5000,2022
com,40,5000,2023
com,40,5000,2024
com,40,5000,2025
com,40,5000,2026
com,40,5000,2027
com,40,5000,2028
com,40,5000,2029
com,40,5000,2030
com,40,5000,2031
com,40,5000,2032
com,40,5000,2033
com,40,5000,2034
com,40,5000,2035
com,40,5000,2036
com,40,5000,2037
com,40,5000,2038
com,40,5000,2039
com,40,5000,2040
com,40,5000,2041
com,40,5000,2042
com,40,5000,2043
com,40,5000,2044
com,40,5000,2045
com,40,5000,2046
com,40,5000,2047
com,40,5000,2048
com,40,5000,2049
com,40,5000,2050
com,41,5000,2015
com,41,5000,2016
com,41,5000,2017
com,41,5000,2018
com,41,5000,2019
com,41,5000,2020
com,41,5000,2021
com,41,5000,2022
com,41,5000,2023
com,41,5000,2024
com,41,5000,2025
com,41,5000,2026
com,41,5000,2027
com,41,5000,2028
com,41,5000,2029
com,41,5000,2030
com,41,5000,2031
com,41,5000,2032
com,41,5000,2033
com,41,5000,2034
com,41,5000,2035
com,41,5000,2036
com,41,5000,2037
com,41,5000,2038
com,41,5000,2039
com,41,5000,2040
com,41,5000,2041
com,41,5000,2042
com,41,5000,2043
com,41,5000,2044
com,41,5000,2045
com,41,5000,2046
com,41,5000,2047
com,41,5000,2048
com,41,5000,2049
com,41,5000,2050
com,42,5000,2015
com,42,5000,2016
com,42,5000,2017
com,42,5000,2018
com,42,5000,2019
com,42,5000,2020
com,42,5000,2021
com,42,5000,2022
com,42,5000,2023
com,42,5000,2024
com,42,5000,2025
com,42,5000,2026
com,42,5000,2027
com,42,5000,2028
com,42,5000,2029
com,42,5000,2030
com,42,5000,2031
com,42,5000,2032
com,42,5000,2033
com,42,5000,2034
com,42,5000,2035
com,42,5000,2036
com,42,5000,2037
com,42,5000,2038
com,42,5000,2039
com,42,5000,2040
com,42,5000,2041
com,42,5000,2042
com,42,5000,2043
com,42,5000,2044
com,42,5000,2045
com,42,5000,2046
com,42,5000,2047
com,42,5000,2048
com,42,5000,2049
com,42,5000,2050
ind,1,20000,2015
ind,1,20000,2016
ind,1,20000,2017
ind,1,20000,2018
ind,1,20000,2019
ind,1,20000,2020
ind,1,20000,2021
ind,1,20000,2022
ind,1,20000,2023
ind,1,20000,2024
ind,1,20000,2025
ind,1,20000,2026
ind,1,20000,2027
ind,1,20000,2028
ind,1,20000,2029
ind,1,20000,2030
ind,1,20000,2031
ind,1,20000,2032
ind,1,20000,2033
ind,1,20000,2034
ind,1,20000,2035
ind,1,20000,2036
ind,1,20000,2037
ind,1,20000,2038
ind,1,20000,2039
ind,1,20000,2040
ind,1,20000,2041
ind,1,20000,2042
ind,1,20000,2043
ind,1,20000,2044
ind,1,20000,2045
ind,1,20000,2046
ind,1,20000,2047
ind,1,20000,2048
ind,1,20000,2049
ind,1,20000,2050
ind,2,20000,2015
ind,2,20000,2016
ind,2,20000,2017
ind,2,20000,2018
ind,2,20000,2019
ind,2,20000,2020
ind,2,20000,2021
ind,2,20000,2022
ind,2,20000,2023
ind,2,20000,2024
ind,2,20000,2025
ind,2,20000,2026
ind,2,20000,2027
ind,2,20000,2028
ind,2,20000,2029
ind,2,20000,2030
ind,2,20000,2031
ind,2,20000,2032
ind,2,20000,2033
ind,2,20000,2034
ind,2,20000,2035
ind,2,20000,2036
ind,2,20000,2037
ind,2,20000,2038
ind,2,20000,2039
ind,2,20000,2040
ind,2,20000,2041
ind,2,20000,2042
ind,2,20000,2043
ind,2,20000,2044
ind,2,20000,2045
ind,2,20000,2046
ind,2,20000,2047
ind,2,20000,2048
ind,2,20000,2049
ind,2,20000,2050
ind,3,20000,2015
ind,3,20000,2016
ind,3,20000,2017
ind,3,20000,2018
ind,3,20000,2019
ind,3,20000,2020
ind,3,20000,2021
ind,3,20000,2022
ind,3,20000,2023
ind,3,20000,2024
ind,3,20000,2025
ind,3,20000,2026
ind,3,20000,2027
ind,3,20000,2028
ind,3,20000,2029
ind,3,20000,2030
ind,3,20000,2031
ind,3,20000,2032
ind,3,20000,2033
ind,3,20000,2034
ind,3,20000,2035
ind,3,20000,2036
ind,3,20000,2037
ind,3,20000,2038
ind,3,20000,2039
ind,3,20000,2040
ind,3,20000,2041
ind,3,20000,2042
ind,3,20000,2043
ind,3,20000,2044
ind,3,20000,2045
ind,3,20000,2046
ind,3,20000,2047
ind,3,20000,2048
ind,3,20000,2049
ind,3,20000,2050
ind,4,20000,2015
ind,4,20000,2016
ind,4,20000,2017
ind,4,20000,2018
ind,4,20000,2019
ind,4,20000,2020
ind,4,20000,2021
ind,4,20000,2022
ind,4,20000,2023
ind,4,20000,2024
ind,4,20000,2025
ind,4,20000,2026
ind,4,20000,2027
ind,4,20000,2028
ind,4,20000,2029
ind,4,20000,2030
ind,4,20000,2031
ind,4,20000,2032
ind,4,20000,2033
ind,4,20000,2034
ind,4,20000,2035
ind,4,20000,2036
ind,4,20000,2037
ind,4,20000,2038
ind,4,20000,2039
ind,4,20000,2040
ind,4,20000,2041
ind,4,20000,2042
ind,4,20000,2043
ind,4,20000,2044
ind,4,20000,2045
ind,4,20000,2046
ind,4,20000,2047
ind,4,20000,2048
ind,4,20000,2049
ind,4,20000,2050
ind,5,20000,2015
ind,5,20000,2016
ind,5,20000,2017
ind,5,20000,2018
ind,5,20000,2019
ind,5,20000,2020
ind,5,20000,2021
ind,5,20000,2022
ind,5,20000,2023
ind,5,20000,2024
ind,5,20000,2025
ind,5,20000,2026
ind,5,20000,2027
ind,5,20000,2028
ind,5,20000,2029
ind,5,20000,2030
ind,5,20000,2031
ind,5,20000,2032
ind,5,20000,2033
ind,5,20000,2034
ind,5,20000,2035
ind,5,20000,2036
ind,5,20000,2037
ind,5,20000,2038
ind,5,20000,2039
ind,5,20000,2040
ind,5,20000,2041
ind,5,20000,2042
ind,5,20000,2043
ind,5,20000,2044
ind,5,20000,2045
ind,5,20000,2046
ind,5,20000,2047
ind,5,20000,2048
ind,5,20000,2049
ind,5,20000,2050
ind,6,20000,2015
ind,6,20000,2016
ind,6,20000,2017
ind,6,20000,2018
ind,6,20000,2019
ind,6,20000,2020
ind,6,20000,2021
ind,6,20000,2022
ind,6,20000,2023
ind,6,20000,2024
ind,6,20000,2025
ind,6,20000,2026
ind,6,20000,2027
ind,6,20000,2028
ind,6,20000,2029
ind,6,20000,2030
ind,6,20000,2031
ind,6,20000,2032
ind,6,20000,2033
ind,6,20000,2034
ind,6,20000,2035
ind,6,20000,2036
ind,6,20000,2037
ind,6,20000,2038
ind,6,20000,2039
ind,6,20000,2040
ind,6,20000,2041
ind,6,20000,2042
ind,6,20000,2043
ind,6,20000,2044
ind,6,20000,2045
ind,6,20000,2046
ind,6,20000,2047
ind,6,20000,2048
ind,6,20000,2049
ind,6,20000,2050
ind,7,20000,2015
ind,7,20000,2016
ind,7,20000,2017
ind,7,20000,2018
ind,7,20000,2019
ind,7,20000,2020
ind,7,20000,2021
ind,7,20000,2022
ind,7,20000,2023
ind,7,20000,2024
ind,7,20000,2025
ind,7,20000,2026
ind,7,20000,2027
ind,7,20000,2028
ind,7,20000,2029
ind,7,20000,2030
ind,7,20000,2031
ind,7,20000,2032
ind,7,20000,2033
ind,7,20000,2034
ind,7,20000,2035
ind,7,20000,2036
ind,7,20000,2037
ind,7,20000,2038
ind,7,20000,2039
ind,7,20000,2040
ind,7,20000,2041
ind,7,20000,2042
ind,7,20000,2043
ind,7,20000,2044
ind,7,20000,2045
ind,7,20000,2046
ind,7,20000,2047
ind,7,20000,2048
ind,7,20000,2049
ind,7,20000,2050
ind,8,20000,2015
ind,8,20000,2016
ind,8,20000,2017
ind,8,20000,2018
ind,8,20000,2019
ind,8,20000,2020
ind,8,20000,2021
ind,8,20000,2022
ind,8,20000,2023
ind,8,20000,2024
ind,8,20000,2025
ind,8,20000,2026
ind,8,20000,2027
ind,8,20000,2028
ind,8,20000,2029
ind,8,20000,2030
ind,8,20000,2031
ind,8,20000,2032
ind,8,20000,2033
ind,8,20000,2034
ind,8,20000,2035
ind,8,20000,2036
ind,8,20000,2037
ind,8,20000,2038
ind,8,20000,2039
ind,8,20000,2040
ind,8,20000,2041
ind,8,20000,2042
ind,8,20000,2043
ind,8,20000,2044
ind,8,20000,2045
ind,8,20000,2046
ind,8,20000,2047
ind,8,20000,2048
ind,8,20000,2049
ind,8,20000,2050
ind,9,20000,2015
ind,9,20000,2016
ind,9,20000,2017
ind,9,20000,2018
ind,9,20000,2019
ind,9,20000,2020
ind,9,20000,2021
ind,9,20000,2022
ind,9,20000,2023
ind,9,20000,2024
ind,9,20000,2025
ind,9,20000,2026
ind,9,20000,2027
ind,9,20000,2028
ind,9,20000,2029
ind,9,20000,2030
ind,9,20000,2031
ind,9,20000,2032
ind,9,20000,2033
ind,9,20000,2034
ind,9,20000,2035
ind,9,20000,2036
ind,9,20000,2037
ind,9,20000,2038
ind,9,20000,2039
ind,9,20000,2040
ind,9,20000,2041
ind,9,20000,2042
ind,9,20000,2043
ind,9,20000,2044
ind,9,20000,2045
ind,9,20000,2046
ind,9,20000,2047
ind,9,20000,2048
ind,9,20000,2049
ind,9,20000,2050
ind,10,20000,2015
ind,10,20000,2016
ind,10,20000,2017
ind,10,20000,2018
ind,10,20000,2019
ind,10,20000,2020
ind,10,20000,2021
ind,10,20000,2022
ind,10,20000,2023
ind,10,20000,2024
ind,10,20000,2025
ind,10,20000,2026
ind,10,20000,2027
ind,10,20000,2028
ind,10,20000,2029
ind,10,20000,2030
ind,10,20000,2031
ind,10,20000,2032
ind,10,20000,2033
ind,10,20000,2034
ind,10,20000,2035
ind,10,20000,2036
ind,10,20000,2037
ind,10,20000,2038
ind,10,20000,2039
ind,10,20000,2040
ind,10,20000,2041
ind,10,20000,2042
ind,10,20000,2043
ind,10,20000,2044
ind,10,20000,2045
ind,10,20000,2046
ind,10,20000,2047
ind,10,20000,2048
ind,10,20000,2049
ind,10,20000,2050
ind,11,20000,2015
ind,11,20000,2016
ind,11,20000,2017
ind,11,20000,2018
ind,11,20000,2019
ind,11,20000,2020
ind,11,20000,2021
ind,11,20000,2022
ind,11,20000,2023
ind,11,20000,2024
ind,11,20000,2025
ind,11,20000,2026
ind,11,20000,2027
ind,11,20000,2028
ind,11,20000,2029
ind,11,20000,2030
ind,11,20000,2031
ind,11,20000,2032
ind,11,20000,2033
ind,11,20000,2034
ind,11,20000,2035
ind,11,20000,2036
ind,11,20000,2037
ind,11,20000,2038
ind,11,20000,2039
ind,11,20000,2040
ind,11,20000,2041
ind,11,20000,2042
ind,11,20000,2043
ind,11,20000,2044
ind,11,20000,2045
ind,11,20000,2046
ind,11,20000,2047
ind,11,20000,2048
ind,11,20000,2049
ind,11,20000,2050
ind,12,20000,2015
ind,12,20000,2016
ind,12,20000,2017
ind,12,20000,2018
ind,12,20000,2019
ind,12,20000,2020
ind,12,20000,2021
ind,12,20000,2022
ind,12,20000,2023
ind,12,20000,2024
ind,12,20000,2025
ind,12,20000,2026
ind,12,20000,2027
ind,12,20000,2028
ind,12,20000,2029
ind,12,20000,2030
ind,12,20000,2031
ind,12,20000,2032
ind,12,20000,2033
ind,12,20000,2034
ind,12,20000,2035
ind,12,20000,2036
ind,12,20000,2037
ind,12,20000,2038
ind,12,20000,2039
ind,12,20000,2040
ind,12,20000,2041
ind,12,20000,2042
ind,12,20000,2043
ind,12,20000,2044
ind,12,20000,2045
ind,12,20000,2046
ind,12,20000,2047
ind,12,20000,2048
ind,12,20000,2049
ind,12,20000,2050
ind,13,20000,2015
ind,13,20000,2016
ind,13,20000,2017
ind,13,20000,2018
ind,13,20000,2019
ind,13,20000,2020
ind,13,20000,2021
ind,13,20000,2022
ind,13,20000,2023
ind,13,20000,2024
ind,13,20000,2025
ind,13,20000,2026
ind,13,20000,2027
ind,13,20000,2028
ind,13,20000,2029
ind,13,20000,2030
ind,13,20000,2031
ind,13,20000,2032
ind,13,20000,2033
ind,13,20000,2034
ind,13,20000,2035
ind,13,20000,2036
ind,13,20000,2037
ind,13,20000,2038
ind,13,20000,2039
ind,13,20000,2040
ind,13,20000,2041
ind,13,20000,2042
ind,13,20000,2043
ind,13,20000,2044
ind,13,20000,2045
ind,13,20000,2046
ind,13,20000,2047
ind,13,20000,2048
ind,13,20000,2049
ind,13,20000,2050
ind,14,20000,2015
ind,14,20000,2016
ind,14,20000,2017
ind,14,20000,2018
ind,14,20000,2019
ind,14,20000,2020
ind,14,20000,2021
ind,14,20000,2022
ind,14,20000,2023
ind,14,20000,2024
ind,14,20000,2025
ind,14,20000,2026
ind,14,20000,2027
ind,14,20000,2028
ind,14,20000,2029
ind,14,20000,2030
ind,14,20000,2031
ind,14,20000,2032
ind,14,20000,2033
ind,14,20000,2034
ind,14,20000,2035
ind,14,20000,2036
ind,14,20000,2037
ind,14,20000,2038
ind,14,20000,2039
ind,14,20000,2040
ind,14,20000,2041
ind,14,20000,2042
ind,14,20000,2043
ind,14,20000,2044
ind,14,20000,2045
ind,14,20000,2046
ind,14,20000,2047
ind,14,20000,2048
ind,14,20000,2049
ind,14,20000,2050
ind,15,20000,2015
ind,15,20000,2016
ind,15,20000,2017
ind,15,20000,2018
ind,15,20000,2019
ind,15,20000,2020
ind,15,20000,2021
ind,15,20000,2022
ind,15,20000,2023
ind,15,20000,2024
ind,15,20000,2025
ind,15,20000,2026
ind,15,20000,2027
ind,15,20000,2028
ind,15,20000,2029
ind,15,20000,2030
ind,15,20000,2031
ind,15,20000,2032
ind,15,20000,2033
ind,15,20000,2034
ind,15,20000,2035
ind,15,20000,2036
ind,15,20000,2037
ind,15,20000,2038
ind,15,20000,2039
ind,15,20000,2040
ind,15,20000,2041
ind,15,20000,2042
ind,15,20000,2043
ind,15,20000,2044
ind,15,20000,2045
ind,15,20000,2046
ind,15,20000,2047
ind,15,20000,2048
ind,15,20000,2049
ind,15,20000,2050
ind,16,20000,2015
ind,16,20000,2016
ind,16,20000,2017
ind,16,20000,2018
ind,16,20000,2019
ind,16,20000,2020
ind,16,20000,2021
ind,16,20000,2022
ind,16,20000,2023
ind,16,20000,2024
ind,16,20000,2025
ind,16,20000,2026
ind,16,20000,2027
ind,16,20000,2028
ind,16,20000,2029
ind,16,20000,2030
ind,16,20000,2031
ind,16,20000,2032
ind,16,20000,2033
ind,16,20000,2034
ind,16,20000,2035
ind,16,20000,2036
ind,16,20000,2037
ind,16,20000,2038
ind,16,20000,2039
ind,16,20000,2040
ind,16,20000,2041
ind,16,20000,2042
ind,16,20000,2043
ind,16,20000,2044
ind,16,20000,2045
ind,16,20000,2046
ind,16,20000,2047
ind,16,20000,2048
ind,16,20000,2049
ind,16,20000,2050
ind,17,20000,2015
ind,17,20000,2016
ind,17,20000,2017
ind,17,20000,2018
ind,17,20000,2019
ind,17,20000,2020
ind,17,20000,2021
ind,17,20000,2022
ind,17,20000,2023
ind,17,20000,2024
ind,17,20000,2025
ind,17,20000,2026
ind,17,20000,2027
ind,17,20000,2028
ind,17,20000,2029
ind,17,20000,2030
ind,17,20000,2031
ind,17,20000,2032
ind,17,20000,2033
ind,17,20000,2034
ind,17,20000,2035
ind,17,20000,2036
ind,17,20000,2037
ind,17,20000,2038
ind,17,20000,2039
ind,17,20000,2040
ind,17,20000,2041
ind,17,20000,2042
ind,17,20000,2043
ind,17,20000,2044
ind,17,20000,2045
ind,17,20000,2046
ind,17,20000,2047
ind,17,20000,2048
ind,17,20000,2049
ind,17,20000,2050
ind,18,20000,2015
ind,18,20000,2016
ind,18,20000,2017
ind,18,20000,2018
ind,18,20000,2019
ind,18,20000,2020
ind,18,20000,2021
ind,18,20000,2022
ind,18,20000,2023
ind,18,20000,2024
ind,18,20000,2025
ind,18,20000,2026
ind,18,20000,2027
ind,18,20000,2028
ind,18,20000,2029
ind,18,20000,2030
ind,18,20000,2031
ind,18,20000,2032
ind,18,20000,2033
ind,18,20000,2034
ind,18,20000,2035
ind,18,20000,2036
ind,18,20000,2037
ind,18,20000,2038
ind,18,20000,2039
ind,18,20000,2040
ind,18,20000,2041
ind,18,20000,2042
ind,18,20000,2043
ind,18,20000,2044
ind,18,20000,2045
ind,18,20000,2046
ind,18,20000,2047
ind,18,20000,2048
ind,18,20000,2049
ind,18,20000,2050
ind,19,20000,2015
ind,19,20000,2016
ind,19,20000,2017
ind,19,20000,2018
ind,19,20000,2019
ind,19,20000,2020
ind,19,20000,2021
ind,19,20000,2022
ind,19,20000,2023
ind,19,20000,2024
ind,19,20000,2025
ind,19,20000,2026
ind,19,20000,2027
ind,19,20000,2028
ind,19,20000,2029
ind,19,20000,2030
ind,19,20000,2031
ind,19,20000,2032
ind,19,20000,2033
ind,19,20000,2034
ind,19,20000,2035
ind,19,20000,2036
ind,19,20000,2037
ind,19,20000,2038
ind,19,20000,2039
ind,19,20000,2040
ind,19,20000,2041
ind,19,20000,2042
ind,19,20000,2043
ind,19,20000,2044
ind,19,20000,2045
ind,19,20000,2046
ind,19,20000,2047
ind,19,20000,2048
ind,19,20000,2049
ind,19,20000,2050
ind,20,20000,2015
ind,20,20000,2016
ind,20,20000,2017
ind,20,20000,2018
ind,20,20000,2019
ind,20,20000,2020
ind,20,20000,2021
ind,20,20000,2022
ind,20,20000,2023
ind,20,20000,2024
ind,20,20000,2025
ind,20,20000,2026
ind,20,20000,2027
ind,20,20000,2028
ind,20,20000,2029
ind,20,20000,2030
ind,20,20000,2031
ind,20,20000,2032
ind,20,20000,2033
ind,20,20000,2034
ind,20,20000,2035
ind,20,20000,2036
ind,20,20000,2037
ind,20,20000,2038
ind,20,20000,2039
ind,20,20000,2040
ind,20,20000,2041
ind,20,20000,2042
ind,20,20000,2043
ind,20,20000,2044
ind,20,20000,2045
ind,20,20000,2046
ind,20,20000,2047
ind,20,20000,2048
ind,20,20000,2049
ind,20,20000,2050
ind,21,20000,2015
ind,21,20000,2016
ind,21,20000,2017
ind,21,20000,2018
ind,21,20000,2019
ind,21,20000,2020
ind,21,20000,2021
ind,21,20000,2022
ind,21,20000,2023
ind,21,20000,2024
ind,21,20000,2025
ind,21,20000,2026
ind,21,20000,2027
ind,21,20000,2028
ind,21,20000,2029
ind,21,20000,2030
ind,21,20000,2031
ind,21,20000,2032
ind,21,20000,2033
ind,21,20000,2034
ind,21,20000,2035
ind,21,20000,2036
ind,21,20000,2037
ind,21,20000,2038
ind,21,20000,2039
ind,21,20000,2040
ind,21,20000,2041
ind,21,20000,2042
ind,21,20000,2043
ind,21,20000,2044
ind,21,20000,2045
ind,21,20000,2046
ind,21,20000,2047
ind,21,20000,2048
ind,21,20000,2049
ind,21,20000,2050
ind,22,20000,2015
ind,22,20000,2016
ind,22,20000,2017
ind,22,20000,2018
ind,22,20000,2019
ind,22,20000,2020
ind,22,20000,2021
ind,22,20000,2022
ind,22,20000,2023
ind,22,20000,2024
ind,22,20000,2025
ind,22,20000,2026
ind,22,20000,2027
ind,22,20000,2028
ind,22,20000,2029
ind,22,20000,2030
ind,22,20000,2031
ind,22,20000,2032
ind,22,20000,2033
ind,22,20000,2034
ind,22,20000,2035
ind,22,20000,2036
ind,22,20000,2037
ind,22,20000,2038
ind,22,20000,2039
ind,22,20000,2040
ind,22,20000,2041
ind,22,20000,2042
ind,22,20000,2043
ind,22,20000,2044
ind,22,20000,2045
ind,22,20000,2046
ind,22,20000,2047
ind,22,20000,2048
ind,22,20000,2049
ind,22,20000,2050
ind,23,20000,2015
ind,23,20000,2016
ind,23,20000,2017
ind,23,20000,2018
ind,23,20000,2019
ind,23,20000,2020
ind,23,20000,2021
ind,23,20000,2022
ind,23,20000,2023
ind,23,20000,2024
ind,23,20000,2025
ind,23,20000,2026
ind,23,20000,2027
ind,23,20000,2028
ind,23,20000,2029
ind,23,20000,2030
ind,23,20000,2031
ind,23,20000,2032
ind,23,20000,2033
ind,23,20000,2034
ind,23,20000,2035
ind,23,20000,2036
ind,23,20000,2037
ind,23,20000,2038
ind,23,20000,2039
ind,23,20000,2040
ind,23,20000,2041
ind,23,20000,2042
ind,23,20000,2043
ind,23,20000,2044
ind,23,20000,2045
ind,23,20000,2046
ind,23,20000,2047
ind,23,20000,2048
ind,23,20000,2049
ind,23,20000,2050
ind,24,20000,2015
ind,24,20000,2016
ind,24,20000,2017
ind,24,20000,2018
ind,24,20000,2019
ind,24,20000,2020
ind,24,20000,2021
ind,24,20000,2022
ind,24,20000,2023
ind,24,20000,2024
ind,24,20000,2025
ind,24,20000,2026
ind,24,20000,2027
ind,24,20000,2028
ind,24,20000,2029
ind,24,20000,2030
ind,24,20000,2031
ind,24,20000,2032
ind,24,20000,2033
ind,24,20000,2034
ind,24,20000,2035
ind,24,20000,2036
ind,24,20000,2037
ind,24,20000,2038
ind,24,20000,2039
ind,24,20000,2040
ind,24,20000,2041
ind,24,20000,2042
ind,24,20000,2043
ind,24,20000,2044
ind,24,20000,2045
ind,24,20000,2046
ind,24,20000,2047
ind,24,20000,2048
ind,24,20000,2049
ind,24,20000,2050
ind,25,20000,2015
ind,25,20000,2016
ind,25,20000,2017
ind,25,20000,2018
ind,25,20000,2019
ind,25,20000,2020
ind,25,20000,2021
ind,25,20000,2022
ind,25,20000,2023
ind,25,20000,2024
ind,25,20000,2025
ind,25,20000,2026
ind,25,20000,2027
ind,25,20000,2028
ind,25,20000,2029
ind,25,20000,2030
ind,25,20000,2031
ind,25,20000,2032
ind,25,20000,2033
ind,25,20000,2034
ind,25,20000,2035
ind,25,20000,2036
ind,25,20000,2037
ind,25,20000,2038
ind,25,20000,2039
ind,25,20000,2040
ind,25,20000,2041
ind,25,20000,2042
ind,25,20000,2043
ind,25,20000,2044
ind,25,20000,2045
ind,25,20000,2046
ind,25,20000,2047
ind,25,20000,2048
ind,25,20000,2049
ind,25,20000,2050
ind,26,20000,2015
ind,26,20000,2016
ind,26,20000,2017
ind,26,20000,2018
ind,26,20000,2019
ind,26,20000,2020
ind,26,20000,2021
ind,26,20000,2022
ind,26,20000,2023
ind,26,20000,2024
ind,26,20000,2025
ind,26,20000,2026
ind,26,20000,2027
ind,26,20000,2028
ind,26,20000,2029
ind,26,20000,2030
ind,26,20000,2031
ind,26,20000,2032
ind,26,20000,2033
ind,26,20000,2034
ind,26,20000,2035
ind,26,20000,2036
ind,26,20000,2037
ind,26,20000,2038
ind,26,20000,2039
ind,26,20000,2040
ind,26,20000,2041
ind,26,20000,2042
ind,26,20000,2043
ind,26,20000,2044
ind,26,20000,2045
ind,26,20000,2046
ind,26,20000,2047
ind,26,20000,2048
ind,26,20000,2049
ind,26,20000,2050
ind,27,20000,2015
ind,27,20000,2016
ind,27,20000,2017
ind,27,20000,2018
ind,27,20000,2019
ind,27,20000,2020
ind,27,20000,2021
ind,27,20000,2022
ind,27,20000,2023
ind,27,20000,2024
ind,27,20000,2025
ind,27,20000,2026
ind,27,20000,2027
ind,27,20000,2028
ind,27,20000,2029
ind,27,20000,2030
ind,27,20000,2031
ind,27,20000,2032
ind,27,20000,2033
ind,27,20000,2034
ind,27,20000,2035
ind,27,20000,2036
ind,27,20000,2037
ind,27,20000,2038
ind,27,20000,2039
ind,27,20000,2040
ind,27,20000,2041
ind,27,20000,2042
ind,27,20000,2043
ind,27,20000,2044
ind,27,20000,2045
ind,27,20000,2046
ind,27,20000,2047
ind,27,20000,2048
ind,27,20000,2049
ind,27,20000,2050
ind,28,20000,2015
ind,28,20000,2016
ind,28,20000,2017
ind,28,20000,2018
ind,28,20000,2019
ind,28,20000,2020
ind,28,20000,2021
ind,28,20000,2022
ind,28,20000,2023
ind,28,20000,2024
ind,28,20000,2025
ind,28,20000,2026
ind,28,20000,2027
ind,28,20000,2028
ind,28,20000,2029
ind,28,20000,2030
ind,28,20000,2031
ind,28,20000,2032
ind,28,20000,2033
ind,28,20000,2034
ind,28,20000,2035
ind,28,20000,2036
ind,28,20000,2037
ind,28,20000,2038
ind,28,20000,2039
ind,28,20000,2040
ind,28,20000,2041
ind,28,20000,2042
ind,28,20000,2043
ind,28,20000,2044
ind,28,20000,2045
ind,28,20000,2046
ind,28,20000,2047
ind,28,20000,2048
ind,28,20000,2049
ind,28,20000,2050
ind,29,20000,2015
ind,29,20000,2016
ind,29,20000,2017
ind,29,20000,2018
ind,29,20000,2019
ind,29,20000,2020
ind,29,20000,2021
ind,29,20000,2022
ind,29,20000,2023
ind,29,20000,2024
ind,29,20000,2025
ind,29,20000,2026
ind,29,20000,2027
ind,29,20000,2028
ind,29,20000,2029
ind,29,20000,2030
ind,29,20000,2031
ind,29,20000,2032
ind,29,20000,2033
ind,29,20000,2034
ind,29,20000,2035
ind,29,20000,2036
ind,29,20000,2037
ind,29,20000,2038
ind,29,20000,2039
ind,29,20000,2040
ind,29,20000,2041
ind,29,20000,2042
ind,29,20000,2043
ind,29,20000,2044
ind,29,20000,2045
ind,29,20000,2046
ind,29,20000,2047
ind,29,20000,2048
ind,29,20000,2049
ind,29,20000,2050
ind,30,20000,2015
ind,30,20000,2016
ind,30,20000,2017
ind,30,20000,2018
ind,30,20000,2019
ind,30,20000,2020
ind,30,20000,2021
ind,30,20000,2022
ind,30,20000,2023
ind,30,20000,2024
ind,30,20000,2025
ind,30,20000,2026
ind,30,20000,2027
ind,30,20000,2028
ind,30,20000,2029
ind,30,20000,2030
ind,30,20000,2031
ind,30,20000,2032
ind,30,20000,2033
ind,30,20000,2034
ind,30,20000,2035
ind,30,20000,2036
ind,30,20000,2037
ind,30,20000,2038
ind,30,20000,2039
ind,30,20000,2040
ind,30,20000,2041
ind,30,20000,2042
ind,30,20000,2043
ind,30,20000,2044
ind,30,20000,2045
ind,30,20000,2046
ind,30,20000,2047
ind,30,20000,2048
ind,30,20000,2049
ind,30,20000,2050
ind,31,20000,2015
ind,31,20000,2016
ind,31,20000,2017
ind,31,20000,2018
ind,31,20000,2019
ind,31,20000,2020
ind,31,20000,2021
ind,31,20000,2022
ind,31,20000,2023
ind,31,20000,2024
ind,31,20000,2025
ind,31,20000,2026
ind,31,20000,2027
ind,31,20000,2028
ind,31,20000,2029
ind,31,20000,2030
ind,31,20000,2031
ind,31,20000,2032
ind,31,20000,2033
ind,31,20000,2034
ind,31,20000,2035
ind,31,20000,2036
ind,31,20000,2037
ind,31,20000,2038
ind,31,20000,2039
ind,31,20000,2040
ind,31,20000,2041
ind,31,20000,2042
ind,31,20000,2043
ind,31,20000,2044
ind,31,20000,2045
ind,31,20000,2046
ind,31,20000,2047
ind,31,20000,2048
ind,31,20000,2049
ind,31,20000,2050
ind,32,20000,2015
ind,32,20000,2016
ind,32,20000,2017
ind,32,20000,2018
ind,32,20000,2019
ind,32,20000,2020
ind,32,20000,2021
ind,32,20000,2022
ind,32,20000,2023
ind,32,20000,2024
ind,32,20000,2025
ind,32,20000,2026
ind,32,20000,2027
ind,32,20000,2028
ind,32,20000,2029
ind,32,20000,2030
ind,32,20000,2031
ind,32,20000,2032
ind,32,20000,2033
ind,32,20000,2034
ind,32,20000,2035
ind,32,20000,2036
ind,32,20000,2037
ind,32,20000,2038
ind,32,20000,2039
ind,32,20000,2040
ind,32,20000,2041
ind,32,20000,2042
ind,32,20000,2043
ind,32,20000,2044
ind,32,20000,2045
ind,32,20000,2046
ind,32,20000,2047
ind,32,20000,2048
ind,32,20000,2049
ind,32,20000,2050
ind,33,20000,2015
ind,33,20000,2016
ind,33,20000,2017
ind,33,20000,2018
ind,33,20000,2019
ind,33,20000,2020
ind,33,20000,2021
ind,33,20000,2022
ind,33,20000,2023
ind,33,20000,2024
ind,33,20000,2025
ind,33,20000,2026
ind,33,20000,2027
ind,33,20000,2028
ind,33,20000,2029
ind,33,20000,2030
ind,33,20000,2031
ind,33,20000,2032
ind,33,20000,2033
ind,33,20000,2034
ind,33,20000,2035
ind,33,20000,2036
ind,33,20000,2037
ind,33,20000,2038
ind,33,20000,2039
ind,33,20000,2040
ind,33,20000,2041
ind,33,20000,2042
ind,33,20000,2043
ind,33,20000,2044
ind,33,20000,2045
ind,33,20000,2046
ind,33,20000,2047
ind,33,20000,2048
ind,33,20000,2049
ind,33,20000,2050
ind,34,20000,2015
ind,34,20000,2016
ind,34,20000,2017
ind,34,20000,2018
ind,34,20000,2019
ind,34,20000,2020
ind,34,20000,2021
ind,34,20000,2022
ind,34,20000,2023
ind,34,20000,2024
ind,34,20000,2025
ind,34,20000,2026
ind,34,20000,2027
ind,34,20000,2028
ind,34,20000,2029
ind,34,20000,2030
ind,34,20000,2031
ind,34,20000,2032
ind,34,20000,2033
ind,34,20000,2034
ind,34,20000,2035
ind,34,20000,2036
ind,34,20000,2037
ind,34,20000,2038
ind,34,20000,2039
ind,34,20000,2040
ind,34,20000,2041
ind,34,20000,2042
ind,34,20000,2043
ind,34,20000,2044
ind,34,20000,2045
ind,34,20000,2046
ind,34,20000,2047
ind,34,20000,2048
ind,34,20000,2049
ind,34,20000,2050
ind,35,20000,2015
ind,35,20000,2016
ind,35,20000,2017
ind,35,20000,2018
ind,35,20000,2019
ind,35,20000,2020
ind,35,20000,2021
ind,35,20000,2022
ind,35,20000,2023
ind,35,20000,2024
ind,35,20000,2025
ind,35,20000,2026
ind,35,20000,2027
ind,35,20000,2028
ind,35,20000,2029
ind,35,20000,2030
ind,35,20000,2031
ind,35,20000,2032
ind,35,20000,2033
ind,35,20000,2034
ind,35,20000,2035
ind,35,20000,2036
ind,35,20000,2037
ind,35,20000,2038
ind,35,20000,2039
ind,35,20000,2040
ind,35,20000,2041
ind,35,20000,2042
ind,35,20000,2043
ind,35,20000,2044
ind,35,20000,2045
ind,35,20000,2046
ind,35,20000,2047
ind,35,20000,2048
ind,35,20000,2049
ind,35,20000,2050
ind,36,20000,2015
ind,36,20000,2016
ind,36,20000,2017
ind,36,20000,2018
ind,36,20000,2019
ind,36,20000,2020
ind,36,20000,2021
ind,36,20000,2022
ind,36,20000,2023
ind,36,20000,2024
ind,36,20000,2025
ind,36,20000,2026
ind,36,20000,2027
ind,36,20000,2028
ind,36,20000,2029
ind,36,20000,2030
ind,36,20000,2031
ind,36,20000,2032
ind,36,20000,2033
ind,36,20000,2034
ind,36,20000,2035
ind,36,20000,2036
ind,36,20000,2037
ind,36,20000,2038
ind,36,20000,2039
ind,36,20000,2040
ind,36,20000,2041
ind,36,20000,2042
ind,36,20000,2043
ind,36,20000,2044
ind,36,20000,2045
ind,36,20000,2046
ind,36,20000,2047
ind,36,20000,2048
ind,36,20000,2049
ind,36,20000,2050
ind,37,20000,2015
ind,37,20000,2016
ind,37,20000,2017
ind,37,20000,2018
ind,37,20000,2019
ind,37,20000,2020
ind,37,20000,2021
ind,37,20000,2022
ind,37,20000,2023
ind,37,20000,2024
ind,37,20000,2025
ind,37,20000,2026
ind,37,20000,2027
ind,37,20000,2028
ind,37,20000,2029
ind,37,20000,2030
ind,37,20000,2031
ind,37,20000,2032
ind,37,20000,2033
ind,37,20000,2034
ind,37,20000,2035
ind,37,20000,2036
ind,37,20000,2037
ind,37,20000,2038
ind,37,20000,2039
ind,37,20000,2040
ind,37,20000,2041
ind,37,20000,2042
ind,37,20000,2043
ind,37,20000,2044
ind,37,20000,2045
ind,37,20000,2046
ind,37,20000,2047
ind,37,20000,2048
ind,37,20000,2049
ind,37,20000,2050
ind,38,20000,2015
ind,38,20000,2016
ind,38,20000,2017
ind,38,20000,2018
ind,38,20000,2019
ind,38,20000,2020
ind,38,20000,2021
ind,38,20000,2022
ind,38,20000,2023
ind,38,20000,2024
ind,38,20000,2025
ind,38,20000,2026
ind,38,20000,2027
ind,38,20000,2028
ind,38,20000,2029
ind,38,20000,2030
ind,38,20000,2031
ind,38,20000,2032
ind,38,20000,2033
ind,38,20000,2034
ind,38,20000,2035
ind,38,20000,2036
ind,38,20000,2037
ind,38,20000,2038
ind,38,20000,2039
ind,38,20000,2040
ind,38,20000,2041
ind,38,20000,2042
ind,38,20000,2043
ind,38,20000,2044
ind,38,20000,2045
ind,38,20000,2046
ind,38,20000,2047
ind,38,20000,2048
ind,38,20000,2049
ind,38,20000,2050
ind,39,20000,2015
ind,39,20000,2016
ind,39,20000,2017
ind,39,20000,2018
ind,39,20000,2019
ind,39,20000,2020
ind,39,20000,2021
ind,39,20000,2022
ind,39,20000,2023
ind,39,20000,2024
ind,39,20000,2025
ind,39,20000,2026
ind,39,20000,2027
ind,39,20000,2028
ind,39,20000,2029
ind,39,20000,2030
ind,39,20000,2031
ind,39,20000,2032
ind,39,20000,2033
ind,39,20000,2034
ind,39,20000,2035
ind,39,20000,2036
ind,39,20000,2037
ind,39,20000,2038
ind,39,20000,2039
ind,39,20000,2040
ind,39,20000,2041
ind,39,20000,2042
ind,39,20000,2043
ind,39,20000,2044
ind,39,20000,2045
ind,39,20000,2046
ind,39,20000,2047
ind,39,20000,2048
ind,39,20000,2049
ind,39,20000,2050
ind,40,20000,2015
ind,40,20000,2016
ind,40,20000,2017
ind,40,20000,2018
ind,40,20000,2019
ind,40,20000,2020
ind,40,20000,2021
ind,40,20000,2022
ind,40,20000,2023
ind,40,20000,2024
ind,40,20000,2025
ind,40,20000,2026
ind,40,20000,2027
ind,40,20000,2028
ind,40,20000,2029
ind,40,20000,2030
ind,40,20000,2031
ind,40,20000,2032
ind,40,20000,2033
ind,40,20000,2034
ind,40,20000,2035
ind,40,20000,2036
ind,40,20000,2037
ind,40,20000,2038
ind,40,20000,2039
ind,40,20000,2040
ind,40,20000,2041
ind,40,20000,2042
ind,40,20000,2043
ind,40,20000,2044
ind,40,20000,2045
ind,40,20000,2046
ind,40,20000,2047
ind,40,20000,2048
ind,40,20000,2049
ind,40,20000,2050
ind,41,20000,2015
ind,41,20000,2016
ind,41,20000,2017
ind,41,20000,2018
ind,41,20000,2019
ind,41,20000,2020
ind,41,20000,2021
ind,41,20000,2022
ind,41,20000,2023
ind,41,20000,2024
ind,41,20000,2025
ind,41,20000,2026
ind,41,20000,2027
ind,41,20000,2028
ind,41,20000,2029
ind,41,20000,2030
ind,41,20000,2031
ind,41,20000,2032
ind,41,20000,2033
ind,41,20000,2034
ind,41,20000,2035
ind,41,20000,2036
ind,41,20000,2037
ind,41,20000,2038
ind,41,20000,2039
ind,41,20000,2040
ind,41,20000,2041
ind,41,20000,2042
ind,41,20000,2043
ind,41,20000,2044
ind,41,20000,2045
ind,41,20000,2046
ind,41,20000,2047
ind,41,20000,2048
ind,41,20000,2049
ind,41,20000,2050
ind,42,20000,2015
ind,42,20000,2016
ind,42,20000,2017
ind,42,20000,2018
ind,42,20000,2019
ind,42,20000,2020
ind,42,20000,2021
ind,42,20000,2022
ind,42,20000,2023
ind,42,20000,2024
ind,42,20000,2025
ind,42,20000,2026
ind,42,20000,2027
ind,42,20000,2028
ind,42,20000,2029
ind,42,20000,2030
ind,42,20000,2031
ind,42,20000,2032
ind,42,20000,2033
ind,42,20000,2034
ind,42,20000,2035
ind,42,20000,2036
ind,42,20000,2037
ind,42,20000,2038
ind,42,20000,2039
ind,42,20000,2040
ind,42,20000,2041
ind,42,20000,2042
ind,42,20000,2043
ind,42,20000,2044
ind,42,20000,2045
ind,42,20000,2046
ind,42,20000,2047
ind,42,20000,2048
ind,42,20000,2049
ind,42,20000,2050
