hour_index,reeds_time
1,H09
2,H09
3,H09
4,H09
5,H09
6,H09
7,H10
8,H10
9,H10
10,H10
11,H10
12,H10
13,H10
14,H11
15,H11
16,H11
17,H11
18,H12
19,H12
20,H12
21,H12
22,H12
23,H09
24,H09
25,H09
26,H09
27,H09
28,H09
29,H09
30,H09
31,H10
32,H10
33,H10
34,H10
35,H10
36,H10
37,H10
38,H11
39,H11
40,H11
41,H11
42,H12
43,H12
44,H12
45,H12
46,H12
47,H09
48,H09
49,H09
50,H09
51,H09
52,H09
53,H09
54,H09
55,H10
56,H10
57,H10
58,H10
59,H10
60,H10
61,H10
62,H11
63,H11
64,H11
65,H11
66,H12
67,H12
68,H12
69,H12
70,H12
71,H09
72,H09
73,H09
74,H09
75,H09
76,H09
77,H09
78,H09
79,H10
80,H10
81,H10
82,H10
83,H10
84,H10
85,H10
86,H11
87,H11
88,H11
89,H11
90,H12
91,H12
92,H12
93,H12
94,H12
95,H09
96,H09
97,H09
98,H09
99,H09
100,H09
101,H09
102,H09
103,H10
104,H10
105,H10
106,H10
107,H10
108,H10
109,H10
110,H11
111,H11
112,H11
113,H11
114,H12
115,H12
116,H12
117,H12
118,H12
119,H09
120,H09
121,H09
122,H09
123,H09
124,H09
125,H09
126,H09
127,H10
128,H10
129,H10
130,H10
131,H10
132,H10
133,H10
134,H11
135,H11
136,H11
137,H11
138,H12
139,H12
140,H12
141,H12
142,H12
143,H09
144,H09
145,H09
146,H09
147,H09
148,H09
149,H09
150,H09
151,H10
152,H10
153,H10
154,H10
155,H10
156,H10
157,H10
158,H11
159,H11
160,H11
161,H11
162,H12
163,H12
164,H12
165,H12
166,H12
167,H09
168,H09
169,H09
170,H09
171,H09
172,H09
173,H09
174,H09
175,H10
176,H10
177,H10
178,H10
179,H10
180,H10
181,H10
182,H11
183,H11
184,H11
185,H11
186,H12
187,H12
188,H12
189,H12
190,H12
191,H09
192,H09
193,H09
194,H09
195,H09
196,H09
197,H09
198,H09
199,H10
200,H10
201,H10
202,H10
203,H10
204,H10
205,H10
206,H11
207,H11
208,H11
209,H11
210,H12
211,H12
212,H12
213,H12
214,H12
215,H09
216,H09
217,H09
218,H09
219,H09
220,H09
221,H09
222,H09
223,H10
224,H10
225,H10
226,H10
227,H10
228,H10
229,H10
230,H11
231,H11
232,H11
233,H11
234,H12
235,H12
236,H12
237,H12
238,H12
239,H09
240,H09
241,H09
242,H09
243,H09
244,H09
245,H09
246,H09
247,H10
248,H10
249,H10
250,H10
251,H10
252,H10
253,H10
254,H11
255,H11
256,H11
257,H11
258,H12
259,H12
260,H12
261,H12
262,H12
263,H09
264,H09
265,H09
266,H09
267,H09
268,H09
269,H09
270,H09
271,H10
272,H10
273,H10
274,H10
275,H10
276,H10
277,H10
278,H11
279,H11
280,H11
281,H11
282,H12
283,H12
284,H12
285,H12
286,H12
287,H09
288,H09
289,H09
290,H09
291,H09
292,H09
293,H09
294,H09
295,H10
296,H10
297,H10
298,H10
299,H10
300,H10
301,H10
302,H11
303,H11
304,H11
305,H11
306,H12
307,H12
308,H12
309,H12
310,H12
311,H09
312,H09
313,H09
314,H09
315,H09
316,H09
317,H09
318,H09
319,H10
320,H10
321,H10
322,H10
323,H10
324,H10
325,H10
326,H11
327,H11
328,H11
329,H11
330,H12
331,H12
332,H12
333,H12
334,H12
335,H09
336,H09
337,H09
338,H09
339,H09
340,H09
341,H09
342,H09
343,H10
344,H10
345,H10
346,H10
347,H10
348,H10
349,H10
350,H11
351,H11
352,H11
353,H11
354,H12
355,H12
356,H12
357,H12
358,H12
359,H09
360,H09
361,H09
362,H09
363,H09
364,H09
365,H09
366,H09
367,H10
368,H10
369,H10
370,H10
371,H10
372,H10
373,H10
374,H11
375,H11
376,H11
377,H11
378,H12
379,H12
380,H12
381,H12
382,H12
383,H09
384,H09
385,H09
386,H09
387,H09
388,H09
389,H09
390,H09
391,H10
392,H10
393,H10
394,H10
395,H10
396,H10
397,H10
398,H11
399,H11
400,H11
401,H11
402,H12
403,H12
404,H12
405,H12
406,H12
407,H09
408,H09
409,H09
410,H09
411,H09
412,H09
413,H09
414,H09
415,H10
416,H10
417,H10
418,H10
419,H10
420,H10
421,H10
422,H11
423,H11
424,H11
425,H11
426,H12
427,H12
428,H12
429,H12
430,H12
431,H09
432,H09
433,H09
434,H09
435,H09
436,H09
437,H09
438,H09
439,H10
440,H10
441,H10
442,H10
443,H10
444,H10
445,H10
446,H11
447,H11
448,H11
449,H11
450,H12
451,H12
452,H12
453,H12
454,H12
455,H09
456,H09
457,H09
458,H09
459,H09
460,H09
461,H09
462,H09
463,H10
464,H10
465,H10
466,H10
467,H10
468,H10
469,H10
470,H11
471,H11
472,H11
473,H11
474,H12
475,H12
476,H12
477,H12
478,H12
479,H09
480,H09
481,H09
482,H09
483,H09
484,H09
485,H09
486,H09
487,H10
488,H10
489,H10
490,H10
491,H10
492,H10
493,H10
494,H11
495,H11
496,H11
497,H11
498,H12
499,H12
500,H12
501,H12
502,H12
503,H09
504,H09
505,H09
506,H09
507,H09
508,H09
509,H09
510,H09
511,H10
512,H10
513,H10
514,H10
515,H10
516,H10
517,H10
518,H11
519,H11
520,H11
521,H11
522,H12
523,H12
524,H12
525,H12
526,H12
527,H09
528,H09
529,H09
530,H09
531,H09
532,H09
533,H09
534,H09
535,H10
536,H10
537,H10
538,H10
539,H10
540,H10
541,H10
542,H11
543,H11
544,H11
545,H11
546,H12
547,H12
548,H12
549,H12
550,H12
551,H09
552,H09
553,H09
554,H09
555,H09
556,H09
557,H09
558,H09
559,H10
560,H10
561,H10
562,H10
563,H10
564,H10
565,H10
566,H11
567,H11
568,H11
569,H11
570,H12
571,H12
572,H12
573,H12
574,H12
575,H09
576,H09
577,H09
578,H09
579,H09
580,H09
581,H09
582,H09
583,H10
584,H10
585,H10
586,H10
587,H10
588,H10
589,H10
590,H11
591,H11
592,H11
593,H11
594,H12
595,H12
596,H12
597,H12
598,H12
599,H09
600,H09
601,H09
602,H09
603,H09
604,H09
605,H09
606,H09
607,H10
608,H10
609,H10
610,H10
611,H10
612,H10
613,H10
614,H11
615,H11
616,H11
617,H11
618,H12
619,H12
620,H12
621,H12
622,H12
623,H09
624,H09
625,H09
626,H09
627,H09
628,H09
629,H09
630,H09
631,H10
632,H10
633,H10
634,H10
635,H10
636,H10
637,H10
638,H11
639,H11
640,H11
641,H11
642,H12
643,H12
644,H12
645,H12
646,H12
647,H09
648,H09
649,H09
650,H09
651,H09
652,H09
653,H09
654,H09
655,H10
656,H10
657,H10
658,H10
659,H10
660,H10
661,H10
662,H11
663,H11
664,H11
665,H11
666,H12
667,H12
668,H12
669,H12
670,H12
671,H09
672,H09
673,H09
674,H09
675,H09
676,H09
677,H09
678,H09
679,H10
680,H10
681,H10
682,H10
683,H10
684,H10
685,H10
686,H11
687,H11
688,H11
689,H11
690,H12
691,H12
692,H12
693,H12
694,H12
695,H09
696,H09
697,H09
698,H09
699,H09
700,H09
701,H09
702,H09
703,H10
704,H10
705,H10
706,H10
707,H10
708,H10
709,H10
710,H11
711,H11
712,H11
713,H11
714,H12
715,H12
716,H12
717,H12
718,H12
719,H09
720,H09
721,H09
722,H09
723,H09
724,H09
725,H09
726,H09
727,H10
728,H10
729,H10
730,H10
731,H10
732,H10
733,H10
734,H11
735,H11
736,H11
737,H11
738,H12
739,H12
740,H12
741,H12
742,H12
743,H09
744,H09
745,H09
746,H09
747,H09
748,H09
749,H09
750,H09
751,H10
752,H10
753,H10
754,H10
755,H10
756,H10
757,H10
758,H11
759,H11
760,H11
761,H11
762,H12
763,H12
764,H12
765,H12
766,H12
767,H09
768,H09
769,H09
770,H09
771,H09
772,H09
773,H09
774,H09
775,H10
776,H10
777,H10
778,H10
779,H10
780,H10
781,H10
782,H11
783,H11
784,H11
785,H11
786,H12
787,H12
788,H12
789,H12
790,H12
791,H09
792,H09
793,H09
794,H09
795,H09
796,H09
797,H09
798,H09
799,H10
800,H10
801,H10
802,H10
803,H10
804,H10
805,H10
806,H11
807,H11
808,H11
809,H11
810,H12
811,H12
812,H12
813,H12
814,H12
815,H09
816,H09
817,H09
818,H09
819,H09
820,H09
821,H09
822,H09
823,H10
824,H10
825,H10
826,H10
827,H10
828,H10
829,H10
830,H11
831,H11
832,H11
833,H11
834,H12
835,H12
836,H12
837,H12
838,H12
839,H09
840,H09
841,H09
842,H09
843,H09
844,H09
845,H09
846,H09
847,H10
848,H10
849,H10
850,H10
851,H10
852,H10
853,H10
854,H11
855,H11
856,H11
857,H11
858,H12
859,H12
860,H12
861,H12
862,H12
863,H09
864,H09
865,H09
866,H09
867,H09
868,H09
869,H09
870,H09
871,H10
872,H10
873,H10
874,H10
875,H10
876,H10
877,H10
878,H11
879,H11
880,H11
881,H11
882,H12
883,H12
884,H12
885,H12
886,H12
887,H09
888,H09
889,H09
890,H09
891,H09
892,H09
893,H09
894,H09
895,H10
896,H10
897,H10
898,H10
899,H10
900,H10
901,H10
902,H11
903,H11
904,H11
905,H11
906,H12
907,H12
908,H12
909,H12
910,H12
911,H09
912,H09
913,H09
914,H09
915,H09
916,H09
917,H09
918,H09
919,H10
920,H10
921,H10
922,H10
923,H10
924,H10
925,H10
926,H11
927,H11
928,H11
929,H11
930,H12
931,H12
932,H12
933,H12
934,H12
935,H09
936,H09
937,H09
938,H09
939,H09
940,H09
941,H09
942,H09
943,H10
944,H10
945,H10
946,H10
947,H10
948,H10
949,H10
950,H11
951,H11
952,H11
953,H11
954,H12
955,H12
956,H12
957,H12
958,H12
959,H09
960,H09
961,H09
962,H09
963,H09
964,H09
965,H09
966,H09
967,H10
968,H10
969,H10
970,H10
971,H10
972,H10
973,H10
974,H11
975,H11
976,H11
977,H11
978,H12
979,H12
980,H12
981,H12
982,H12
983,H09
984,H09
985,H09
986,H09
987,H09
988,H09
989,H09
990,H09
991,H10
992,H10
993,H10
994,H10
995,H10
996,H10
997,H10
998,H11
999,H11
1000,H11
1001,H11
1002,H12
1003,H12
1004,H12
1005,H12
1006,H12
1007,H09
1008,H09
1009,H09
1010,H09
1011,H09
1012,H09
1013,H09
1014,H09
1015,H10
1016,H10
1017,H10
1018,H10
1019,H10
1020,H10
1021,H10
1022,H11
1023,H11
1024,H11
1025,H11
1026,H12
1027,H12
1028,H12
1029,H12
1030,H12
1031,H09
1032,H09
1033,H09
1034,H09
1035,H09
1036,H09
1037,H09
1038,H09
1039,H10
1040,H10
1041,H10
1042,H10
1043,H10
1044,H10
1045,H10
1046,H11
1047,H11
1048,H11
1049,H11
1050,H12
1051,H12
1052,H12
1053,H12
1054,H12
1055,H09
1056,H09
1057,H09
1058,H09
1059,H09
1060,H09
1061,H09
1062,H09
1063,H10
1064,H10
1065,H10
1066,H10
1067,H10
1068,H10
1069,H10
1070,H11
1071,H11
1072,H11
1073,H11
1074,H12
1075,H12
1076,H12
1077,H12
1078,H12
1079,H09
1080,H09
1081,H09
1082,H09
1083,H09
1084,H09
1085,H09
1086,H09
1087,H10
1088,H10
1089,H10
1090,H10
1091,H10
1092,H10
1093,H10
1094,H11
1095,H11
1096,H11
1097,H11
1098,H12
1099,H12
1100,H12
1101,H12
1102,H12
1103,H09
1104,H09
1105,H09
1106,H09
1107,H09
1108,H09
1109,H09
1110,H09
1111,H10
1112,H10
1113,H10
1114,H10
1115,H10
1116,H10
1117,H10
1118,H11
1119,H11
1120,H11
1121,H11
1122,H12
1123,H12
1124,H12
1125,H12
1126,H12
1127,H09
1128,H09
1129,H09
1130,H09
1131,H09
1132,H09
1133,H09
1134,H09
1135,H10
1136,H10
1137,H10
1138,H10
1139,H10
1140,H10
1141,H10
1142,H11
1143,H11
1144,H11
1145,H11
1146,H12
1147,H12
1148,H12
1149,H12
1150,H12
1151,H09
1152,H09
1153,H09
1154,H09
1155,H09
1156,H09
1157,H09
1158,H09
1159,H10
1160,H10
1161,H10
1162,H10
1163,H10
1164,H10
1165,H10
1166,H11
1167,H11
1168,H11
1169,H11
1170,H12
1171,H12
1172,H12
1173,H12
1174,H12
1175,H09
1176,H09
1177,H09
1178,H09
1179,H09
1180,H09
1181,H09
1182,H09
1183,H10
1184,H10
1185,H10
1186,H10
1187,H10
1188,H10
1189,H10
1190,H11
1191,H11
1192,H11
1193,H11
1194,H12
1195,H12
1196,H12
1197,H12
1198,H12
1199,H09
1200,H09
1201,H09
1202,H09
1203,H09
1204,H09
1205,H09
1206,H09
1207,H10
1208,H10
1209,H10
1210,H10
1211,H10
1212,H10
1213,H10
1214,H11
1215,H11
1216,H11
1217,H11
1218,H12
1219,H12
1220,H12
1221,H12
1222,H12
1223,H09
1224,H09
1225,H09
1226,H09
1227,H09
1228,H09
1229,H09
1230,H09
1231,H10
1232,H10
1233,H10
1234,H10
1235,H10
1236,H10
1237,H10
1238,H11
1239,H11
1240,H11
1241,H11
1242,H12
1243,H12
1244,H12
1245,H12
1246,H12
1247,H09
1248,H09
1249,H09
1250,H09
1251,H09
1252,H09
1253,H09
1254,H09
1255,H10
1256,H10
1257,H10
1258,H10
1259,H10
1260,H10
1261,H10
1262,H11
1263,H11
1264,H11
1265,H11
1266,H12
1267,H12
1268,H12
1269,H12
1270,H12
1271,H09
1272,H09
1273,H09
1274,H09
1275,H09
1276,H09
1277,H09
1278,H09
1279,H10
1280,H10
1281,H10
1282,H10
1283,H10
1284,H10
1285,H10
1286,H11
1287,H11
1288,H11
1289,H11
1290,H12
1291,H12
1292,H12
1293,H12
1294,H12
1295,H09
1296,H09
1297,H09
1298,H09
1299,H09
1300,H09
1301,H09
1302,H09
1303,H10
1304,H10
1305,H10
1306,H10
1307,H10
1308,H10
1309,H10
1310,H11
1311,H11
1312,H11
1313,H11
1314,H12
1315,H12
1316,H12
1317,H12
1318,H12
1319,H09
1320,H09
1321,H09
1322,H09
1323,H09
1324,H09
1325,H09
1326,H09
1327,H10
1328,H10
1329,H10
1330,H10
1331,H10
1332,H10
1333,H10
1334,H11
1335,H11
1336,H11
1337,H11
1338,H12
1339,H12
1340,H12
1341,H12
1342,H12
1343,H09
1344,H09
1345,H09
1346,H09
1347,H09
1348,H09
1349,H09
1350,H09
1351,H10
1352,H10
1353,H10
1354,H10
1355,H10
1356,H10
1357,H10
1358,H11
1359,H11
1360,H11
1361,H11
1362,H12
1363,H12
1364,H12
1365,H12
1366,H12
1367,H09
1368,H09
1369,H09
1370,H09
1371,H09
1372,H09
1373,H09
1374,H09
1375,H10
1376,H10
1377,H10
1378,H10
1379,H10
1380,H10
1381,H10
1382,H11
1383,H11
1384,H11
1385,H11
1386,H12
1387,H12
1388,H12
1389,H12
1390,H12
1391,H09
1392,H09
1393,H09
1394,H09
1395,H09
1396,H09
1397,H09
1398,H09
1399,H10
1400,H10
1401,H10
1402,H10
1403,H10
1404,H10
1405,H10
1406,H11
1407,H11
1408,H11
1409,H11
1410,H12
1411,H12
1412,H12
1413,H12
1414,H12
1415,H09
1416,H09
1417,H09
1418,H09
1419,H09
1420,H09
1421,H09
1422,H09
1423,H10
1424,H10
1425,H10
1426,H10
1427,H10
1428,H10
1429,H10
1430,H11
1431,H11
1432,H11
1433,H11
1434,H12
1435,H12
1436,H12
1437,H12
1438,H12
1439,H09
1440,H09
1441,H13
1442,H13
1443,H13
1444,H13
1445,H13
1446,H13
1447,H14
1448,H14
1449,H14
1450,H14
1451,H14
1452,H14
1453,H14
1454,H15
1455,H15
1456,H15
1457,H15
1458,H16
1459,H16
1460,H16
1461,H16
1462,H16
1463,H13
1464,H13
1465,H13
1466,H13
1467,H13
1468,H13
1469,H13
1470,H13
1471,H14
1472,H14
1473,H14
1474,H14
1475,H14
1476,H14
1477,H14
1478,H15
1479,H15
1480,H15
1481,H15
1482,H16
1483,H16
1484,H16
1485,H16
1486,H16
1487,H13
1488,H13
1489,H13
1490,H13
1491,H13
1492,H13
1493,H13
1494,H13
1495,H14
1496,H14
1497,H14
1498,H14
1499,H14
1500,H14
1501,H14
1502,H15
1503,H15
1504,H15
1505,H15
1506,H16
1507,H16
1508,H16
1509,H16
1510,H16
1511,H13
1512,H13
1513,H13
1514,H13
1515,H13
1516,H13
1517,H13
1518,H13
1519,H14
1520,H14
1521,H14
1522,H14
1523,H14
1524,H14
1525,H14
1526,H15
1527,H15
1528,H15
1529,H15
1530,H16
1531,H16
1532,H16
1533,H16
1534,H16
1535,H13
1536,H13
1537,H13
1538,H13
1539,H13
1540,H13
1541,H13
1542,H13
1543,H14
1544,H14
1545,H14
1546,H14
1547,H14
1548,H14
1549,H14
1550,H15
1551,H15
1552,H15
1553,H15
1554,H16
1555,H16
1556,H16
1557,H16
1558,H16
1559,H13
1560,H13
1561,H13
1562,H13
1563,H13
1564,H13
1565,H13
1566,H13
1567,H14
1568,H14
1569,H14
1570,H14
1571,H14
1572,H14
1573,H14
1574,H15
1575,H15
1576,H15
1577,H15
1578,H16
1579,H16
1580,H16
1581,H16
1582,H16
1583,H13
1584,H13
1585,H13
1586,H13
1587,H13
1588,H13
1589,H13
1590,H13
1591,H14
1592,H14
1593,H14
1594,H14
1595,H14
1596,H14
1597,H14
1598,H15
1599,H15
1600,H15
1601,H15
1602,H16
1603,H16
1604,H16
1605,H16
1606,H16
1607,H13
1608,H13
1609,H13
1610,H13
1611,H13
1612,H13
1613,H13
1614,H13
1615,H14
1616,H14
1617,H14
1618,H14
1619,H14
1620,H14
1621,H14
1622,H15
1623,H15
1624,H15
1625,H15
1626,H16
1627,H16
1628,H16
1629,H16
1630,H16
1631,H13
1632,H13
1633,H13
1634,H13
1635,H13
1636,H13
1637,H13
1638,H13
1639,H14
1640,H14
1641,H14
1642,H14
1643,H14
1644,H14
1645,H14
1646,H15
1647,H15
1648,H15
1649,H15
1650,H16
1651,H16
1652,H16
1653,H16
1654,H16
1655,H13
1656,H13
1657,H13
1658,H13
1659,H13
1660,H13
1661,H13
1662,H13
1663,H14
1664,H14
1665,H14
1666,H14
1667,H14
1668,H14
1669,H14
1670,H15
1671,H15
1672,H15
1673,H15
1674,H16
1675,H16
1676,H16
1677,H16
1678,H16
1679,H13
1680,H13
1681,H13
1682,H13
1683,H13
1684,H13
1685,H13
1686,H13
1687,H14
1688,H14
1689,H14
1690,H14
1691,H14
1692,H14
1693,H14
1694,H15
1695,H15
1696,H15
1697,H15
1698,H16
1699,H16
1700,H16
1701,H16
1702,H16
1703,H13
1704,H13
1705,H13
1706,H13
1707,H13
1708,H13
1709,H13
1710,H13
1711,H14
1712,H14
1713,H14
1714,H14
1715,H14
1716,H14
1717,H14
1718,H15
1719,H15
1720,H15
1721,H15
1722,H16
1723,H16
1724,H16
1725,H16
1726,H16
1727,H13
1728,H13
1729,H13
1730,H13
1731,H13
1732,H13
1733,H13
1734,H13
1735,H14
1736,H14
1737,H14
1738,H14
1739,H14
1740,H14
1741,H14
1742,H15
1743,H15
1744,H15
1745,H15
1746,H16
1747,H16
1748,H16
1749,H16
1750,H16
1751,H13
1752,H13
1753,H13
1754,H13
1755,H13
1756,H13
1757,H13
1758,H13
1759,H14
1760,H14
1761,H14
1762,H14
1763,H14
1764,H14
1765,H14
1766,H15
1767,H15
1768,H15
1769,H15
1770,H16
1771,H16
1772,H16
1773,H16
1774,H16
1775,H13
1776,H13
1777,H13
1778,H13
1779,H13
1780,H13
1781,H13
1782,H13
1783,H14
1784,H14
1785,H14
1786,H14
1787,H14
1788,H14
1789,H14
1790,H15
1791,H15
1792,H15
1793,H15
1794,H16
1795,H16
1796,H16
1797,H16
1798,H16
1799,H13
1800,H13
1801,H13
1802,H13
1803,H13
1804,H13
1805,H13
1806,H13
1807,H14
1808,H14
1809,H14
1810,H14
1811,H14
1812,H14
1813,H14
1814,H15
1815,H15
1816,H15
1817,H15
1818,H16
1819,H16
1820,H16
1821,H16
1822,H16
1823,H13
1824,H13
1825,H13
1826,H13
1827,H13
1828,H13
1829,H13
1830,H13
1831,H14
1832,H14
1833,H14
1834,H14
1835,H14
1836,H14
1837,H14
1838,H15
1839,H15
1840,H15
1841,H15
1842,H16
1843,H16
1844,H16
1845,H16
1846,H16
1847,H13
1848,H13
1849,H13
1850,H13
1851,H13
1852,H13
1853,H13
1854,H13
1855,H14
1856,H14
1857,H14
1858,H14
1859,H14
1860,H14
1861,H14
1862,H15
1863,H15
1864,H15
1865,H15
1866,H16
1867,H16
1868,H16
1869,H16
1870,H16
1871,H13
1872,H13
1873,H13
1874,H13
1875,H13
1876,H13
1877,H13
1878,H13
1879,H14
1880,H14
1881,H14
1882,H14
1883,H14
1884,H14
1885,H14
1886,H15
1887,H15
1888,H15
1889,H15
1890,H16
1891,H16
1892,H16
1893,H16
1894,H16
1895,H13
1896,H13
1897,H13
1898,H13
1899,H13
1900,H13
1901,H13
1902,H13
1903,H14
1904,H14
1905,H14
1906,H14
1907,H14
1908,H14
1909,H14
1910,H15
1911,H15
1912,H15
1913,H15
1914,H16
1915,H16
1916,H16
1917,H16
1918,H16
1919,H13
1920,H13
1921,H13
1922,H13
1923,H13
1924,H13
1925,H13
1926,H13
1927,H14
1928,H14
1929,H14
1930,H14
1931,H14
1932,H14
1933,H14
1934,H15
1935,H15
1936,H15
1937,H15
1938,H16
1939,H16
1940,H16
1941,H16
1942,H16
1943,H13
1944,H13
1945,H13
1946,H13
1947,H13
1948,H13
1949,H13
1950,H13
1951,H14
1952,H14
1953,H14
1954,H14
1955,H14
1956,H14
1957,H14
1958,H15
1959,H15
1960,H15
1961,H15
1962,H16
1963,H16
1964,H16
1965,H16
1966,H16
1967,H13
1968,H13
1969,H13
1970,H13
1971,H13
1972,H13
1973,H13
1974,H13
1975,H14
1976,H14
1977,H14
1978,H14
1979,H14
1980,H14
1981,H14
1982,H15
1983,H15
1984,H15
1985,H15
1986,H16
1987,H16
1988,H16
1989,H16
1990,H16
1991,H13
1992,H13
1993,H13
1994,H13
1995,H13
1996,H13
1997,H13
1998,H13
1999,H14
2000,H14
2001,H14
2002,H14
2003,H14
2004,H14
2005,H14
2006,H15
2007,H15
2008,H15
2009,H15
2010,H16
2011,H16
2012,H16
2013,H16
2014,H16
2015,H13
2016,H13
2017,H13
2018,H13
2019,H13
2020,H13
2021,H13
2022,H13
2023,H14
2024,H14
2025,H14
2026,H14
2027,H14
2028,H14
2029,H14
2030,H15
2031,H15
2032,H15
2033,H15
2034,H16
2035,H16
2036,H16
2037,H16
2038,H16
2039,H13
2040,H13
2041,H13
2042,H13
2043,H13
2044,H13
2045,H13
2046,H13
2047,H14
2048,H14
2049,H14
2050,H14
2051,H14
2052,H14
2053,H14
2054,H15
2055,H15
2056,H15
2057,H15
2058,H16
2059,H16
2060,H16
2061,H16
2062,H16
2063,H13
2064,H13
2065,H13
2066,H13
2067,H13
2068,H13
2069,H13
2070,H13
2071,H14
2072,H14
2073,H14
2074,H14
2075,H14
2076,H14
2077,H14
2078,H15
2079,H15
2080,H15
2081,H15
2082,H16
2083,H16
2084,H16
2085,H16
2086,H16
2087,H13
2088,H13
2089,H13
2090,H13
2091,H13
2092,H13
2093,H13
2094,H13
2095,H14
2096,H14
2097,H14
2098,H14
2099,H14
2100,H14
2101,H14
2102,H15
2103,H15
2104,H15
2105,H15
2106,H16
2107,H16
2108,H16
2109,H16
2110,H16
2111,H13
2112,H13
2113,H13
2114,H13
2115,H13
2116,H13
2117,H13
2118,H13
2119,H14
2120,H14
2121,H14
2122,H14
2123,H14
2124,H14
2125,H14
2126,H15
2127,H15
2128,H15
2129,H15
2130,H16
2131,H16
2132,H16
2133,H16
2134,H16
2135,H13
2136,H13
2137,H13
2138,H13
2139,H13
2140,H13
2141,H13
2142,H13
2143,H14
2144,H14
2145,H14
2146,H14
2147,H14
2148,H14
2149,H14
2150,H15
2151,H15
2152,H15
2153,H15
2154,H16
2155,H16
2156,H16
2157,H16
2158,H16
2159,H13
2160,H13
2161,H13
2162,H13
2163,H13
2164,H13
2165,H13
2166,H13
2167,H14
2168,H14
2169,H14
2170,H14
2171,H14
2172,H14
2173,H14
2174,H15
2175,H15
2176,H15
2177,H15
2178,H16
2179,H16
2180,H16
2181,H16
2182,H16
2183,H13
2184,H13
2185,H13
2186,H13
2187,H13
2188,H13
2189,H13
2190,H13
2191,H14
2192,H14
2193,H14
2194,H14
2195,H14
2196,H14
2197,H14
2198,H15
2199,H15
2200,H15
2201,H15
2202,H16
2203,H16
2204,H16
2205,H16
2206,H16
2207,H13
2208,H13
2209,H13
2210,H13
2211,H13
2212,H13
2213,H13
2214,H13
2215,H14
2216,H14
2217,H14
2218,H14
2219,H14
2220,H14
2221,H14
2222,H15
2223,H15
2224,H15
2225,H15
2226,H16
2227,H16
2228,H16
2229,H16
2230,H16
2231,H13
2232,H13
2233,H13
2234,H13
2235,H13
2236,H13
2237,H13
2238,H13
2239,H14
2240,H14
2241,H14
2242,H14
2243,H14
2244,H14
2245,H14
2246,H15
2247,H15
2248,H15
2249,H15
2250,H16
2251,H16
2252,H16
2253,H16
2254,H16
2255,H13
2256,H13
2257,H13
2258,H13
2259,H13
2260,H13
2261,H13
2262,H13
2263,H14
2264,H14
2265,H14
2266,H14
2267,H14
2268,H14
2269,H14
2270,H15
2271,H15
2272,H15
2273,H15
2274,H16
2275,H16
2276,H16
2277,H16
2278,H16
2279,H13
2280,H13
2281,H13
2282,H13
2283,H13
2284,H13
2285,H13
2286,H13
2287,H14
2288,H14
2289,H14
2290,H14
2291,H14
2292,H14
2293,H14
2294,H15
2295,H15
2296,H15
2297,H15
2298,H16
2299,H16
2300,H16
2301,H16
2302,H16
2303,H13
2304,H13
2305,H13
2306,H13
2307,H13
2308,H13
2309,H13
2310,H13
2311,H14
2312,H14
2313,H14
2314,H14
2315,H14
2316,H14
2317,H14
2318,H15
2319,H15
2320,H15
2321,H15
2322,H16
2323,H16
2324,H16
2325,H16
2326,H16
2327,H13
2328,H13
2329,H13
2330,H13
2331,H13
2332,H13
2333,H13
2334,H13
2335,H14
2336,H14
2337,H14
2338,H14
2339,H14
2340,H14
2341,H14
2342,H15
2343,H15
2344,H15
2345,H15
2346,H16
2347,H16
2348,H16
2349,H16
2350,H16
2351,H13
2352,H13
2353,H13
2354,H13
2355,H13
2356,H13
2357,H13
2358,H13
2359,H14
2360,H14
2361,H14
2362,H14
2363,H14
2364,H14
2365,H14
2366,H15
2367,H15
2368,H15
2369,H15
2370,H16
2371,H16
2372,H16
2373,H16
2374,H16
2375,H13
2376,H13
2377,H13
2378,H13
2379,H13
2380,H13
2381,H13
2382,H13
2383,H14
2384,H14
2385,H14
2386,H14
2387,H14
2388,H14
2389,H14
2390,H15
2391,H15
2392,H15
2393,H15
2394,H16
2395,H16
2396,H16
2397,H16
2398,H16
2399,H13
2400,H13
2401,H13
2402,H13
2403,H13
2404,H13
2405,H13
2406,H13
2407,H14
2408,H14
2409,H14
2410,H14
2411,H14
2412,H14
2413,H14
2414,H15
2415,H15
2416,H15
2417,H15
2418,H16
2419,H16
2420,H16
2421,H16
2422,H16
2423,H13
2424,H13
2425,H13
2426,H13
2427,H13
2428,H13
2429,H13
2430,H13
2431,H14
2432,H14
2433,H14
2434,H14
2435,H14
2436,H14
2437,H14
2438,H15
2439,H15
2440,H15
2441,H15
2442,H16
2443,H16
2444,H16
2445,H16
2446,H16
2447,H13
2448,H13
2449,H13
2450,H13
2451,H13
2452,H13
2453,H13
2454,H13
2455,H14
2456,H14
2457,H14
2458,H14
2459,H14
2460,H14
2461,H14
2462,H15
2463,H15
2464,H15
2465,H15
2466,H16
2467,H16
2468,H16
2469,H16
2470,H16
2471,H13
2472,H13
2473,H13
2474,H13
2475,H13
2476,H13
2477,H13
2478,H13
2479,H14
2480,H14
2481,H14
2482,H14
2483,H14
2484,H14
2485,H14
2486,H15
2487,H15
2488,H15
2489,H15
2490,H16
2491,H16
2492,H16
2493,H16
2494,H16
2495,H13
2496,H13
2497,H13
2498,H13
2499,H13
2500,H13
2501,H13
2502,H13
2503,H14
2504,H14
2505,H14
2506,H14
2507,H14
2508,H14
2509,H14
2510,H15
2511,H15
2512,H15
2513,H15
2514,H16
2515,H16
2516,H16
2517,H16
2518,H16
2519,H13
2520,H13
2521,H13
2522,H13
2523,H13
2524,H13
2525,H13
2526,H13
2527,H14
2528,H14
2529,H14
2530,H14
2531,H14
2532,H14
2533,H14
2534,H15
2535,H15
2536,H15
2537,H15
2538,H16
2539,H16
2540,H16
2541,H16
2542,H16
2543,H13
2544,H13
2545,H13
2546,H13
2547,H13
2548,H13
2549,H13
2550,H13
2551,H14
2552,H14
2553,H14
2554,H14
2555,H14
2556,H14
2557,H14
2558,H15
2559,H15
2560,H15
2561,H15
2562,H16
2563,H16
2564,H16
2565,H16
2566,H16
2567,H13
2568,H13
2569,H13
2570,H13
2571,H13
2572,H13
2573,H13
2574,H13
2575,H14
2576,H14
2577,H14
2578,H14
2579,H14
2580,H14
2581,H14
2582,H15
2583,H15
2584,H15
2585,H15
2586,H16
2587,H16
2588,H16
2589,H16
2590,H16
2591,H13
2592,H13
2593,H13
2594,H13
2595,H13
2596,H13
2597,H13
2598,H13
2599,H14
2600,H14
2601,H14
2602,H14
2603,H14
2604,H14
2605,H14
2606,H15
2607,H15
2608,H15
2609,H15
2610,H16
2611,H16
2612,H16
2613,H16
2614,H16
2615,H13
2616,H13
2617,H13
2618,H13
2619,H13
2620,H13
2621,H13
2622,H13
2623,H14
2624,H14
2625,H14
2626,H14
2627,H14
2628,H14
2629,H14
2630,H15
2631,H15
2632,H15
2633,H15
2634,H16
2635,H16
2636,H16
2637,H16
2638,H16
2639,H13
2640,H13
2641,H13
2642,H13
2643,H13
2644,H13
2645,H13
2646,H13
2647,H14
2648,H14
2649,H14
2650,H14
2651,H14
2652,H14
2653,H14
2654,H15
2655,H15
2656,H15
2657,H15
2658,H16
2659,H16
2660,H16
2661,H16
2662,H16
2663,H13
2664,H13
2665,H13
2666,H13
2667,H13
2668,H13
2669,H13
2670,H13
2671,H14
2672,H14
2673,H14
2674,H14
2675,H14
2676,H14
2677,H14
2678,H15
2679,H15
2680,H15
2681,H15
2682,H16
2683,H16
2684,H16
2685,H16
2686,H16
2687,H13
2688,H13
2689,H13
2690,H13
2691,H13
2692,H13
2693,H13
2694,H13
2695,H14
2696,H14
2697,H14
2698,H14
2699,H14
2700,H14
2701,H14
2702,H15
2703,H15
2704,H15
2705,H15
2706,H16
2707,H16
2708,H16
2709,H16
2710,H16
2711,H13
2712,H13
2713,H13
2714,H13
2715,H13
2716,H13
2717,H13
2718,H13
2719,H14
2720,H14
2721,H14
2722,H14
2723,H14
2724,H14
2725,H14
2726,H15
2727,H15
2728,H15
2729,H15
2730,H16
2731,H16
2732,H16
2733,H16
2734,H16
2735,H13
2736,H13
2737,H13
2738,H13
2739,H13
2740,H13
2741,H13
2742,H13
2743,H14
2744,H14
2745,H14
2746,H14
2747,H14
2748,H14
2749,H14
2750,H15
2751,H15
2752,H15
2753,H15
2754,H16
2755,H16
2756,H16
2757,H16
2758,H16
2759,H13
2760,H13
2761,H13
2762,H13
2763,H13
2764,H13
2765,H13
2766,H13
2767,H14
2768,H14
2769,H14
2770,H14
2771,H14
2772,H14
2773,H14
2774,H15
2775,H15
2776,H15
2777,H15
2778,H16
2779,H16
2780,H16
2781,H16
2782,H16
2783,H13
2784,H13
2785,H13
2786,H13
2787,H13
2788,H13
2789,H13
2790,H13
2791,H14
2792,H14
2793,H14
2794,H14
2795,H14
2796,H14
2797,H14
2798,H15
2799,H15
2800,H15
2801,H15
2802,H16
2803,H16
2804,H16
2805,H16
2806,H16
2807,H13
2808,H13
2809,H13
2810,H13
2811,H13
2812,H13
2813,H13
2814,H13
2815,H14
2816,H14
2817,H14
2818,H14
2819,H14
2820,H14
2821,H14
2822,H15
2823,H15
2824,H15
2825,H15
2826,H16
2827,H16
2828,H16
2829,H16
2830,H16
2831,H13
2832,H13
2833,H13
2834,H13
2835,H13
2836,H13
2837,H13
2838,H13
2839,H14
2840,H14
2841,H14
2842,H14
2843,H14
2844,H14
2845,H14
2846,H15
2847,H15
2848,H15
2849,H15
2850,H16
2851,H16
2852,H16
2853,H16
2854,H16
2855,H13
2856,H13
2857,H13
2858,H13
2859,H13
2860,H13
2861,H13
2862,H13
2863,H14
2864,H14
2865,H14
2866,H14
2867,H14
2868,H14
2869,H14
2870,H15
2871,H15
2872,H15
2873,H15
2874,H16
2875,H16
2876,H16
2877,H16
2878,H16
2879,H13
2880,H13
2881,H13
2882,H13
2883,H13
2884,H13
2885,H13
2886,H13
2887,H14
2888,H14
2889,H14
2890,H14
2891,H14
2892,H14
2893,H14
2894,H15
2895,H15
2896,H15
2897,H15
2898,H16
2899,H16
2900,H16
2901,H16
2902,H16
2903,H13
2904,H13
2905,H13
2906,H13
2907,H13
2908,H13
2909,H13
2910,H13
2911,H14
2912,H14
2913,H14
2914,H14
2915,H14
2916,H14
2917,H14
2918,H15
2919,H15
2920,H15
2921,H15
2922,H16
2923,H16
2924,H16
2925,H16
2926,H16
2927,H13
2928,H13
2929,H13
2930,H13
2931,H13
2932,H13
2933,H13
2934,H13
2935,H14
2936,H14
2937,H14
2938,H14
2939,H14
2940,H14
2941,H14
2942,H15
2943,H15
2944,H15
2945,H15
2946,H16
2947,H16
2948,H16
2949,H16
2950,H16
2951,H13
2952,H13
2953,H13
2954,H13
2955,H13
2956,H13
2957,H13
2958,H13
2959,H14
2960,H14
2961,H14
2962,H14
2963,H14
2964,H14
2965,H14
2966,H15
2967,H15
2968,H15
2969,H15
2970,H16
2971,H16
2972,H16
2973,H16
2974,H16
2975,H13
2976,H13
2977,H13
2978,H13
2979,H13
2980,H13
2981,H13
2982,H13
2983,H14
2984,H14
2985,H14
2986,H14
2987,H14
2988,H14
2989,H14
2990,H15
2991,H15
2992,H15
2993,H15
2994,H16
2995,H16
2996,H16
2997,H16
2998,H16
2999,H13
3000,H13
3001,H13
3002,H13
3003,H13
3004,H13
3005,H13
3006,H13
3007,H14
3008,H14
3009,H14
3010,H14
3011,H14
3012,H14
3013,H14
3014,H15
3015,H15
3016,H15
3017,H15
3018,H16
3019,H16
3020,H16
3021,H16
3022,H16
3023,H13
3024,H13
3025,H13
3026,H13
3027,H13
3028,H13
3029,H13
3030,H13
3031,H14
3032,H14
3033,H14
3034,H14
3035,H14
3036,H14
3037,H14
3038,H15
3039,H15
3040,H15
3041,H15
3042,H16
3043,H16
3044,H16
3045,H16
3046,H16
3047,H13
3048,H13
3049,H13
3050,H13
3051,H13
3052,H13
3053,H13
3054,H13
3055,H14
3056,H14
3057,H14
3058,H14
3059,H14
3060,H14
3061,H14
3062,H15
3063,H15
3064,H15
3065,H15
3066,H16
3067,H16
3068,H16
3069,H16
3070,H16
3071,H13
3072,H13
3073,H13
3074,H13
3075,H13
3076,H13
3077,H13
3078,H13
3079,H14
3080,H14
3081,H14
3082,H14
3083,H14
3084,H14
3085,H14
3086,H15
3087,H15
3088,H15
3089,H15
3090,H16
3091,H16
3092,H16
3093,H16
3094,H16
3095,H13
3096,H13
3097,H13
3098,H13
3099,H13
3100,H13
3101,H13
3102,H13
3103,H14
3104,H14
3105,H14
3106,H14
3107,H14
3108,H14
3109,H14
3110,H15
3111,H15
3112,H15
3113,H15
3114,H16
3115,H16
3116,H16
3117,H16
3118,H16
3119,H13
3120,H13
3121,H13
3122,H13
3123,H13
3124,H13
3125,H13
3126,H13
3127,H14
3128,H14
3129,H14
3130,H14
3131,H14
3132,H14
3133,H14
3134,H15
3135,H15
3136,H15
3137,H15
3138,H16
3139,H16
3140,H16
3141,H16
3142,H16
3143,H13
3144,H13
3145,H13
3146,H13
3147,H13
3148,H13
3149,H13
3150,H13
3151,H14
3152,H14
3153,H14
3154,H14
3155,H14
3156,H14
3157,H14
3158,H15
3159,H15
3160,H15
3161,H15
3162,H16
3163,H16
3164,H16
3165,H16
3166,H16
3167,H13
3168,H13
3169,H13
3170,H13
3171,H13
3172,H13
3173,H13
3174,H13
3175,H14
3176,H14
3177,H14
3178,H14
3179,H14
3180,H14
3181,H14
3182,H15
3183,H15
3184,H15
3185,H15
3186,H16
3187,H16
3188,H16
3189,H16
3190,H16
3191,H13
3192,H13
3193,H13
3194,H13
3195,H13
3196,H13
3197,H13
3198,H13
3199,H14
3200,H14
3201,H14
3202,H14
3203,H14
3204,H14
3205,H14
3206,H15
3207,H15
3208,H15
3209,H15
3210,H16
3211,H16
3212,H16
3213,H16
3214,H16
3215,H13
3216,H13
3217,H13
3218,H13
3219,H13
3220,H13
3221,H13
3222,H13
3223,H14
3224,H14
3225,H14
3226,H14
3227,H14
3228,H14
3229,H14
3230,H15
3231,H15
3232,H15
3233,H15
3234,H16
3235,H16
3236,H16
3237,H16
3238,H16
3239,H13
3240,H13
3241,H13
3242,H13
3243,H13
3244,H13
3245,H13
3246,H13
3247,H14
3248,H14
3249,H14
3250,H14
3251,H14
3252,H14
3253,H14
3254,H15
3255,H15
3256,H15
3257,H15
3258,H16
3259,H16
3260,H16
3261,H16
3262,H16
3263,H13
3264,H13
3265,H13
3266,H13
3267,H13
3268,H13
3269,H13
3270,H13
3271,H14
3272,H14
3273,H14
3274,H14
3275,H14
3276,H14
3277,H14
3278,H15
3279,H15
3280,H15
3281,H15
3282,H16
3283,H16
3284,H16
3285,H16
3286,H16
3287,H13
3288,H13
3289,H13
3290,H13
3291,H13
3292,H13
3293,H13
3294,H13
3295,H14
3296,H14
3297,H14
3298,H14
3299,H14
3300,H14
3301,H14
3302,H15
3303,H15
3304,H15
3305,H15
3306,H16
3307,H16
3308,H16
3309,H16
3310,H16
3311,H13
3312,H13
3313,H13
3314,H13
3315,H13
3316,H13
3317,H13
3318,H13
3319,H14
3320,H14
3321,H14
3322,H14
3323,H14
3324,H14
3325,H14
3326,H15
3327,H15
3328,H15
3329,H15
3330,H16
3331,H16
3332,H16
3333,H16
3334,H16
3335,H13
3336,H13
3337,H13
3338,H13
3339,H13
3340,H13
3341,H13
3342,H13
3343,H14
3344,H14
3345,H14
3346,H14
3347,H14
3348,H14
3349,H14
3350,H15
3351,H15
3352,H15
3353,H15
3354,H16
3355,H16
3356,H16
3357,H16
3358,H16
3359,H13
3360,H13
3361,H13
3362,H13
3363,H13
3364,H13
3365,H13
3366,H13
3367,H14
3368,H14
3369,H14
3370,H14
3371,H14
3372,H14
3373,H14
3374,H15
3375,H15
3376,H15
3377,H15
3378,H16
3379,H16
3380,H16
3381,H16
3382,H16
3383,H13
3384,H13
3385,H13
3386,H13
3387,H13
3388,H13
3389,H13
3390,H13
3391,H14
3392,H14
3393,H14
3394,H14
3395,H14
3396,H14
3397,H14
3398,H15
3399,H15
3400,H15
3401,H15
3402,H16
3403,H16
3404,H16
3405,H16
3406,H16
3407,H13
3408,H13
3409,H13
3410,H13
3411,H13
3412,H13
3413,H13
3414,H13
3415,H14
3416,H14
3417,H14
3418,H14
3419,H14
3420,H14
3421,H14
3422,H15
3423,H15
3424,H15
3425,H15
3426,H16
3427,H16
3428,H16
3429,H16
3430,H16
3431,H13
3432,H13
3433,H13
3434,H13
3435,H13
3436,H13
3437,H13
3438,H13
3439,H14
3440,H14
3441,H14
3442,H14
3443,H14
3444,H14
3445,H14
3446,H15
3447,H15
3448,H15
3449,H15
3450,H16
3451,H16
3452,H16
3453,H16
3454,H16
3455,H13
3456,H13
3457,H13
3458,H13
3459,H13
3460,H13
3461,H13
3462,H13
3463,H14
3464,H14
3465,H14
3466,H14
3467,H14
3468,H14
3469,H14
3470,H15
3471,H15
3472,H15
3473,H15
3474,H16
3475,H16
3476,H16
3477,H16
3478,H16
3479,H13
3480,H13
3481,H13
3482,H13
3483,H13
3484,H13
3485,H13
3486,H13
3487,H14
3488,H14
3489,H14
3490,H14
3491,H14
3492,H14
3493,H14
3494,H15
3495,H15
3496,H15
3497,H15
3498,H16
3499,H16
3500,H16
3501,H16
3502,H16
3503,H13
3504,H13
3505,H13
3506,H13
3507,H13
3508,H13
3509,H13
3510,H13
3511,H14
3512,H14
3513,H14
3514,H14
3515,H14
3516,H14
3517,H14
3518,H15
3519,H15
3520,H15
3521,H15
3522,H16
3523,H16
3524,H16
3525,H16
3526,H16
3527,H13
3528,H13
3529,H13
3530,H13
3531,H13
3532,H13
3533,H13
3534,H13
3535,H14
3536,H14
3537,H14
3538,H14
3539,H14
3540,H14
3541,H14
3542,H15
3543,H15
3544,H15
3545,H15
3546,H16
3547,H16
3548,H16
3549,H16
3550,H16
3551,H13
3552,H13
3553,H13
3554,H13
3555,H13
3556,H13
3557,H13
3558,H13
3559,H14
3560,H14
3561,H14
3562,H14
3563,H14
3564,H14
3565,H14
3566,H15
3567,H15
3568,H15
3569,H15
3570,H16
3571,H16
3572,H16
3573,H16
3574,H16
3575,H13
3576,H13
3577,H13
3578,H13
3579,H13
3580,H13
3581,H13
3582,H13
3583,H14
3584,H14
3585,H14
3586,H14
3587,H14
3588,H14
3589,H14
3590,H15
3591,H15
3592,H15
3593,H15
3594,H16
3595,H16
3596,H16
3597,H16
3598,H16
3599,H13
3600,H13
3601,H13
3602,H13
3603,H13
3604,H13
3605,H13
3606,H13
3607,H14
3608,H14
3609,H14
3610,H14
3611,H14
3612,H14
3613,H14
3614,H15
3615,H15
3616,H15
3617,H15
3618,H16
3619,H16
3620,H16
3621,H16
3622,H16
3623,H13
3624,H13
3625,H13
3626,H13
3627,H13
3628,H13
3629,H13
3630,H13
3631,H14
3632,H14
3633,H14
3634,H14
3635,H14
3636,H14
3637,H14
3638,H15
3639,H15
3640,H15
3641,H15
3642,H16
3643,H16
3644,H16
3645,H16
3646,H16
3647,H13
3648,H13
3649,H01
3650,H01
3651,H01
3652,H01
3653,H01
3654,H01
3655,H02
3656,H02
3657,H02
3658,H02
3659,H02
3660,H02
3661,H02
3662,H03
3663,H03
3664,H03
3665,H03
3666,H04
3667,H04
3668,H04
3669,H04
3670,H04
3671,H01
3672,H01
3673,H01
3674,H01
3675,H01
3676,H01
3677,H01
3678,H01
3679,H02
3680,H02
3681,H02
3682,H02
3683,H02
3684,H02
3685,H02
3686,H03
3687,H03
3688,H03
3689,H03
3690,H04
3691,H04
3692,H04
3693,H04
3694,H04
3695,H01
3696,H01
3697,H01
3698,H01
3699,H01
3700,H01
3701,H01
3702,H01
3703,H02
3704,H02
3705,H02
3706,H02
3707,H02
3708,H02
3709,H02
3710,H03
3711,H03
3712,H03
3713,H03
3714,H04
3715,H04
3716,H04
3717,H04
3718,H04
3719,H01
3720,H01
3721,H01
3722,H01
3723,H01
3724,H01
3725,H01
3726,H01
3727,H02
3728,H02
3729,H02
3730,H02
3731,H02
3732,H02
3733,H02
3734,H03
3735,H03
3736,H03
3737,H03
3738,H04
3739,H04
3740,H04
3741,H04
3742,H04
3743,H01
3744,H01
3745,H01
3746,H01
3747,H01
3748,H01
3749,H01
3750,H01
3751,H02
3752,H02
3753,H02
3754,H02
3755,H02
3756,H02
3757,H02
3758,H03
3759,H03
3760,H03
3761,H03
3762,H04
3763,H04
3764,H04
3765,H04
3766,H04
3767,H01
3768,H01
3769,H01
3770,H01
3771,H01
3772,H01
3773,H01
3774,H01
3775,H02
3776,H02
3777,H02
3778,H02
3779,H02
3780,H02
3781,H02
3782,H03
3783,H03
3784,H03
3785,H03
3786,H04
3787,H04
3788,H04
3789,H04
3790,H04
3791,H01
3792,H01
3793,H01
3794,H01
3795,H01
3796,H01
3797,H01
3798,H01
3799,H02
3800,H02
3801,H02
3802,H02
3803,H02
3804,H02
3805,H02
3806,H03
3807,H03
3808,H03
3809,H03
3810,H04
3811,H04
3812,H04
3813,H04
3814,H04
3815,H01
3816,H01
3817,H01
3818,H01
3819,H01
3820,H01
3821,H01
3822,H01
3823,H02
3824,H02
3825,H02
3826,H02
3827,H02
3828,H02
3829,H02
3830,H03
3831,H03
3832,H03
3833,H03
3834,H04
3835,H04
3836,H04
3837,H04
3838,H04
3839,H01
3840,H01
3841,H01
3842,H01
3843,H01
3844,H01
3845,H01
3846,H01
3847,H02
3848,H02
3849,H02
3850,H02
3851,H02
3852,H02
3853,H02
3854,H03
3855,H03
3856,H03
3857,H03
3858,H04
3859,H04
3860,H04
3861,H04
3862,H04
3863,H01
3864,H01
3865,H01
3866,H01
3867,H01
3868,H01
3869,H01
3870,H01
3871,H02
3872,H02
3873,H02
3874,H02
3875,H02
3876,H02
3877,H02
3878,H03
3879,H03
3880,H03
3881,H03
3882,H04
3883,H04
3884,H04
3885,H04
3886,H04
3887,H01
3888,H01
3889,H01
3890,H01
3891,H01
3892,H01
3893,H01
3894,H01
3895,H02
3896,H02
3897,H02
3898,H02
3899,H02
3900,H02
3901,H02
3902,H03
3903,H03
3904,H03
3905,H03
3906,H04
3907,H04
3908,H04
3909,H04
3910,H04
3911,H01
3912,H01
3913,H01
3914,H01
3915,H01
3916,H01
3917,H01
3918,H01
3919,H02
3920,H02
3921,H02
3922,H02
3923,H02
3924,H02
3925,H02
3926,H03
3927,H03
3928,H03
3929,H03
3930,H04
3931,H04
3932,H04
3933,H04
3934,H04
3935,H01
3936,H01
3937,H01
3938,H01
3939,H01
3940,H01
3941,H01
3942,H01
3943,H02
3944,H02
3945,H02
3946,H02
3947,H02
3948,H02
3949,H02
3950,H03
3951,H03
3952,H03
3953,H03
3954,H04
3955,H04
3956,H04
3957,H04
3958,H04
3959,H01
3960,H01
3961,H01
3962,H01
3963,H01
3964,H01
3965,H01
3966,H01
3967,H02
3968,H02
3969,H02
3970,H02
3971,H02
3972,H02
3973,H02
3974,H03
3975,H03
3976,H03
3977,H03
3978,H04
3979,H04
3980,H04
3981,H04
3982,H04
3983,H01
3984,H01
3985,H01
3986,H01
3987,H01
3988,H01
3989,H01
3990,H01
3991,H02
3992,H02
3993,H02
3994,H02
3995,H02
3996,H02
3997,H02
3998,H03
3999,H03
4000,H03
4001,H03
4002,H04
4003,H04
4004,H04
4005,H04
4006,H04
4007,H01
4008,H01
4009,H01
4010,H01
4011,H01
4012,H01
4013,H01
4014,H01
4015,H02
4016,H02
4017,H02
4018,H02
4019,H02
4020,H02
4021,H02
4022,H03
4023,H03
4024,H03
4025,H03
4026,H04
4027,H04
4028,H04
4029,H04
4030,H04
4031,H01
4032,H01
4033,H01
4034,H01
4035,H01
4036,H01
4037,H01
4038,H01
4039,H02
4040,H02
4041,H02
4042,H02
4043,H02
4044,H02
4045,H02
4046,H03
4047,H03
4048,H03
4049,H03
4050,H04
4051,H04
4052,H04
4053,H04
4054,H04
4055,H01
4056,H01
4057,H01
4058,H01
4059,H01
4060,H01
4061,H01
4062,H01
4063,H02
4064,H02
4065,H02
4066,H02
4067,H02
4068,H02
4069,H02
4070,H03
4071,H03
4072,H03
4073,H03
4074,H04
4075,H04
4076,H04
4077,H04
4078,H04
4079,H01
4080,H01
4081,H01
4082,H01
4083,H01
4084,H01
4085,H01
4086,H01
4087,H02
4088,H02
4089,H02
4090,H02
4091,H02
4092,H02
4093,H02
4094,H03
4095,H03
4096,H03
4097,H03
4098,H04
4099,H04
4100,H04
4101,H04
4102,H04
4103,H01
4104,H01
4105,H01
4106,H01
4107,H01
4108,H01
4109,H01
4110,H01
4111,H02
4112,H02
4113,H02
4114,H02
4115,H02
4116,H02
4117,H02
4118,H03
4119,H03
4120,H03
4121,H03
4122,H04
4123,H04
4124,H04
4125,H04
4126,H04
4127,H01
4128,H01
4129,H01
4130,H01
4131,H01
4132,H01
4133,H01
4134,H01
4135,H02
4136,H02
4137,H02
4138,H02
4139,H02
4140,H02
4141,H02
4142,H03
4143,H03
4144,H03
4145,H03
4146,H04
4147,H04
4148,H04
4149,H04
4150,H04
4151,H01
4152,H01
4153,H01
4154,H01
4155,H01
4156,H01
4157,H01
4158,H01
4159,H02
4160,H02
4161,H02
4162,H02
4163,H02
4164,H02
4165,H02
4166,H03
4167,H03
4168,H03
4169,H03
4170,H04
4171,H04
4172,H04
4173,H04
4174,H04
4175,H01
4176,H01
4177,H01
4178,H01
4179,H01
4180,H01
4181,H01
4182,H01
4183,H02
4184,H02
4185,H02
4186,H02
4187,H02
4188,H02
4189,H02
4190,H03
4191,H03
4192,H03
4193,H03
4194,H04
4195,H04
4196,H04
4197,H04
4198,H04
4199,H01
4200,H01
4201,H01
4202,H01
4203,H01
4204,H01
4205,H01
4206,H01
4207,H02
4208,H02
4209,H02
4210,H02
4211,H02
4212,H02
4213,H02
4214,H03
4215,H03
4216,H03
4217,H03
4218,H04
4219,H04
4220,H04
4221,H04
4222,H04
4223,H01
4224,H01
4225,H01
4226,H01
4227,H01
4228,H01
4229,H01
4230,H01
4231,H02
4232,H02
4233,H02
4234,H02
4235,H02
4236,H02
4237,H02
4238,H03
4239,H03
4240,H03
4241,H03
4242,H04
4243,H04
4244,H04
4245,H04
4246,H04
4247,H01
4248,H01
4249,H01
4250,H01
4251,H01
4252,H01
4253,H01
4254,H01
4255,H02
4256,H02
4257,H02
4258,H02
4259,H02
4260,H02
4261,H02
4262,H03
4263,H03
4264,H03
4265,H03
4266,H04
4267,H04
4268,H04
4269,H04
4270,H04
4271,H01
4272,H01
4273,H01
4274,H01
4275,H01
4276,H01
4277,H01
4278,H01
4279,H02
4280,H02
4281,H02
4282,H02
4283,H02
4284,H02
4285,H02
4286,H03
4287,H03
4288,H03
4289,H03
4290,H04
4291,H04
4292,H04
4293,H04
4294,H04
4295,H01
4296,H01
4297,H01
4298,H01
4299,H01
4300,H01
4301,H01
4302,H01
4303,H02
4304,H02
4305,H02
4306,H02
4307,H02
4308,H02
4309,H02
4310,H03
4311,H03
4312,H03
4313,H03
4314,H04
4315,H04
4316,H04
4317,H04
4318,H04
4319,H01
4320,H01
4321,H01
4322,H01
4323,H01
4324,H01
4325,H01
4326,H01
4327,H02
4328,H02
4329,H02
4330,H02
4331,H02
4332,H02
4333,H02
4334,H03
4335,H03
4336,H03
4337,H03
4338,H04
4339,H04
4340,H04
4341,H04
4342,H04
4343,H01
4344,H01
4345,H01
4346,H01
4347,H01
4348,H01
4349,H01
4350,H01
4351,H02
4352,H02
4353,H02
4354,H02
4355,H02
4356,H02
4357,H02
4358,H03
4359,H03
4360,H03
4361,H03
4362,H04
4363,H04
4364,H04
4365,H04
4366,H04
4367,H01
4368,H01
4369,H01
4370,H01
4371,H01
4372,H01
4373,H01
4374,H01
4375,H02
4376,H02
4377,H02
4378,H02
4379,H02
4380,H02
4381,H02
4382,H03
4383,H03
4384,H03
4385,H03
4386,H04
4387,H04
4388,H04
4389,H04
4390,H04
4391,H01
4392,H01
4393,H01
4394,H01
4395,H01
4396,H01
4397,H01
4398,H01
4399,H02
4400,H02
4401,H02
4402,H02
4403,H02
4404,H02
4405,H02
4406,H03
4407,H03
4408,H03
4409,H03
4410,H04
4411,H04
4412,H04
4413,H04
4414,H04
4415,H01
4416,H01
4417,H01
4418,H01
4419,H01
4420,H01
4421,H01
4422,H01
4423,H02
4424,H02
4425,H02
4426,H02
4427,H02
4428,H02
4429,H02
4430,H03
4431,H03
4432,H03
4433,H03
4434,H04
4435,H04
4436,H04
4437,H04
4438,H04
4439,H01
4440,H01
4441,H01
4442,H01
4443,H01
4444,H01
4445,H01
4446,H01
4447,H02
4448,H02
4449,H02
4450,H02
4451,H02
4452,H02
4453,H02
4454,H03
4455,H03
4456,H03
4457,H03
4458,H04
4459,H04
4460,H04
4461,H04
4462,H04
4463,H01
4464,H01
4465,H01
4466,H01
4467,H01
4468,H01
4469,H01
4470,H01
4471,H02
4472,H02
4473,H02
4474,H02
4475,H02
4476,H02
4477,H02
4478,H03
4479,H03
4480,H03
4481,H03
4482,H04
4483,H04
4484,H04
4485,H04
4486,H04
4487,H01
4488,H01
4489,H01
4490,H01
4491,H01
4492,H01
4493,H01
4494,H01
4495,H02
4496,H02
4497,H02
4498,H02
4499,H02
4500,H02
4501,H02
4502,H03
4503,H03
4504,H03
4505,H03
4506,H04
4507,H04
4508,H04
4509,H04
4510,H04
4511,H01
4512,H01
4513,H01
4514,H01
4515,H01
4516,H01
4517,H01
4518,H01
4519,H02
4520,H02
4521,H02
4522,H02
4523,H02
4524,H02
4525,H02
4526,H03
4527,H03
4528,H03
4529,H03
4530,H04
4531,H04
4532,H04
4533,H04
4534,H04
4535,H01
4536,H01
4537,H01
4538,H01
4539,H01
4540,H01
4541,H01
4542,H01
4543,H02
4544,H02
4545,H02
4546,H02
4547,H02
4548,H02
4549,H02
4550,H03
4551,H03
4552,H03
4553,H03
4554,H04
4555,H04
4556,H04
4557,H04
4558,H04
4559,H01
4560,H01
4561,H01
4562,H01
4563,H01
4564,H01
4565,H01
4566,H01
4567,H02
4568,H02
4569,H02
4570,H02
4571,H02
4572,H02
4573,H02
4574,H03
4575,H03
4576,H03
4577,H03
4578,H04
4579,H04
4580,H04
4581,H04
4582,H04
4583,H01
4584,H01
4585,H01
4586,H01
4587,H01
4588,H01
4589,H01
4590,H01
4591,H02
4592,H02
4593,H02
4594,H02
4595,H02
4596,H02
4597,H02
4598,H03
4599,H03
4600,H03
4601,H03
4602,H04
4603,H04
4604,H04
4605,H04
4606,H04
4607,H01
4608,H01
4609,H01
4610,H01
4611,H01
4612,H01
4613,H01
4614,H01
4615,H02
4616,H02
4617,H02
4618,H02
4619,H02
4620,H02
4621,H02
4622,H03
4623,H03
4624,H03
4625,H03
4626,H04
4627,H04
4628,H04
4629,H04
4630,H04
4631,H01
4632,H01
4633,H01
4634,H01
4635,H01
4636,H01
4637,H01
4638,H01
4639,H02
4640,H02
4641,H02
4642,H02
4643,H02
4644,H02
4645,H02
4646,H03
4647,H03
4648,H03
4649,H03
4650,H04
4651,H04
4652,H04
4653,H04
4654,H04
4655,H01
4656,H01
4657,H01
4658,H01
4659,H01
4660,H01
4661,H01
4662,H01
4663,H02
4664,H02
4665,H02
4666,H02
4667,H02
4668,H02
4669,H02
4670,H03
4671,H03
4672,H03
4673,H03
4674,H04
4675,H04
4676,H04
4677,H04
4678,H04
4679,H01
4680,H01
4681,H01
4682,H01
4683,H01
4684,H01
4685,H01
4686,H01
4687,H02
4688,H02
4689,H02
4690,H02
4691,H02
4692,H02
4693,H02
4694,H03
4695,H03
4696,H03
4697,H03
4698,H04
4699,H04
4700,H04
4701,H04
4702,H04
4703,H01
4704,H01
4705,H01
4706,H01
4707,H01
4708,H01
4709,H01
4710,H01
4711,H02
4712,H02
4713,H02
4714,H02
4715,H02
4716,H02
4717,H02
4718,H03
4719,H03
4720,H03
4721,H03
4722,H04
4723,H04
4724,H04
4725,H04
4726,H04
4727,H01
4728,H01
4729,H01
4730,H01
4731,H01
4732,H01
4733,H01
4734,H01
4735,H02
4736,H02
4737,H02
4738,H02
4739,H02
4740,H02
4741,H02
4742,H03
4743,H03
4744,H03
4745,H03
4746,H04
4747,H04
4748,H04
4749,H04
4750,H04
4751,H01
4752,H01
4753,H01
4754,H01
4755,H01
4756,H01
4757,H01
4758,H01
4759,H02
4760,H02
4761,H02
4762,H02
4763,H02
4764,H02
4765,H02
4766,H03
4767,H03
4768,H03
4769,H03
4770,H04
4771,H04
4772,H04
4773,H04
4774,H04
4775,H01
4776,H01
4777,H01
4778,H01
4779,H01
4780,H01
4781,H01
4782,H01
4783,H02
4784,H02
4785,H02
4786,H02
4787,H02
4788,H02
4789,H02
4790,H03
4791,H03
4792,H03
4793,H03
4794,H04
4795,H04
4796,H04
4797,H04
4798,H04
4799,H01
4800,H01
4801,H01
4802,H01
4803,H01
4804,H01
4805,H01
4806,H01
4807,H02
4808,H02
4809,H02
4810,H02
4811,H02
4812,H02
4813,H02
4814,H03
4815,H03
4816,H03
4817,H03
4818,H04
4819,H04
4820,H04
4821,H04
4822,H04
4823,H01
4824,H01
4825,H01
4826,H01
4827,H01
4828,H01
4829,H01
4830,H01
4831,H02
4832,H02
4833,H02
4834,H02
4835,H02
4836,H02
4837,H02
4838,H03
4839,H03
4840,H03
4841,H03
4842,H04
4843,H04
4844,H04
4845,H04
4846,H04
4847,H01
4848,H01
4849,H01
4850,H01
4851,H01
4852,H01
4853,H01
4854,H01
4855,H02
4856,H02
4857,H02
4858,H02
4859,H02
4860,H02
4861,H02
4862,H03
4863,H03
4864,H03
4865,H03
4866,H04
4867,H04
4868,H04
4869,H04
4870,H04
4871,H01
4872,H01
4873,H01
4874,H01
4875,H01
4876,H01
4877,H01
4878,H01
4879,H02
4880,H02
4881,H02
4882,H02
4883,H02
4884,H02
4885,H02
4886,H03
4887,H03
4888,H03
4889,H03
4890,H04
4891,H04
4892,H04
4893,H04
4894,H04
4895,H01
4896,H01
4897,H01
4898,H01
4899,H01
4900,H01
4901,H01
4902,H01
4903,H02
4904,H02
4905,H02
4906,H02
4907,H02
4908,H02
4909,H02
4910,H03
4911,H03
4912,H03
4913,H03
4914,H04
4915,H04
4916,H04
4917,H04
4918,H04
4919,H01
4920,H01
4921,H01
4922,H01
4923,H01
4924,H01
4925,H01
4926,H01
4927,H02
4928,H02
4929,H02
4930,H02
4931,H02
4932,H02
4933,H02
4934,H03
4935,H03
4936,H03
4937,H03
4938,H04
4939,H04
4940,H04
4941,H04
4942,H04
4943,H01
4944,H01
4945,H01
4946,H01
4947,H01
4948,H01
4949,H01
4950,H01
4951,H02
4952,H02
4953,H02
4954,H02
4955,H02
4956,H02
4957,H02
4958,H03
4959,H03
4960,H03
4961,H03
4962,H04
4963,H04
4964,H04
4965,H04
4966,H04
4967,H01
4968,H01
4969,H01
4970,H01
4971,H01
4972,H01
4973,H01
4974,H01
4975,H02
4976,H02
4977,H02
4978,H02
4979,H02
4980,H02
4981,H02
4982,H03
4983,H03
4984,H03
4985,H03
4986,H04
4987,H04
4988,H04
4989,H04
4990,H04
4991,H01
4992,H01
4993,H01
4994,H01
4995,H01
4996,H01
4997,H01
4998,H01
4999,H02
5000,H02
5001,H02
5002,H02
5003,H02
5004,H02
5005,H02
5006,H03
5007,H03
5008,H03
5009,H03
5010,H04
5011,H04
5012,H04
5013,H04
5014,H04
5015,H01
5016,H01
5017,H01
5018,H01
5019,H01
5020,H01
5021,H01
5022,H01
5023,H02
5024,H02
5025,H02
5026,H02
5027,H02
5028,H02
5029,H02
5030,H03
5031,H03
5032,H03
5033,H03
5034,H04
5035,H04
5036,H04
5037,H04
5038,H04
5039,H01
5040,H01
5041,H01
5042,H01
5043,H01
5044,H01
5045,H01
5046,H01
5047,H02
5048,H02
5049,H02
5050,H02
5051,H02
5052,H02
5053,H02
5054,H03
5055,H03
5056,H03
5057,H03
5058,H04
5059,H04
5060,H04
5061,H04
5062,H04
5063,H01
5064,H01
5065,H01
5066,H01
5067,H01
5068,H01
5069,H01
5070,H01
5071,H02
5072,H02
5073,H02
5074,H02
5075,H02
5076,H02
5077,H02
5078,H03
5079,H03
5080,H03
5081,H03
5082,H04
5083,H04
5084,H04
5085,H04
5086,H04
5087,H01
5088,H01
5089,H01
5090,H01
5091,H01
5092,H01
5093,H01
5094,H01
5095,H02
5096,H02
5097,H02
5098,H02
5099,H02
5100,H02
5101,H02
5102,H03
5103,H03
5104,H03
5105,H03
5106,H04
5107,H04
5108,H04
5109,H04
5110,H04
5111,H01
5112,H01
5113,H01
5114,H01
5115,H01
5116,H01
5117,H01
5118,H01
5119,H02
5120,H02
5121,H02
5122,H02
5123,H02
5124,H02
5125,H02
5126,H03
5127,H03
5128,H03
5129,H03
5130,H04
5131,H04
5132,H04
5133,H04
5134,H04
5135,H01
5136,H01
5137,H01
5138,H01
5139,H01
5140,H01
5141,H01
5142,H01
5143,H02
5144,H02
5145,H02
5146,H02
5147,H02
5148,H02
5149,H02
5150,H03
5151,H03
5152,H03
5153,H03
5154,H04
5155,H04
5156,H04
5157,H04
5158,H04
5159,H01
5160,H01
5161,H01
5162,H01
5163,H01
5164,H01
5165,H01
5166,H01
5167,H02
5168,H02
5169,H02
5170,H02
5171,H02
5172,H02
5173,H02
5174,H03
5175,H03
5176,H03
5177,H03
5178,H04
5179,H04
5180,H04
5181,H04
5182,H04
5183,H01
5184,H01
5185,H01
5186,H01
5187,H01
5188,H01
5189,H01
5190,H01
5191,H02
5192,H02
5193,H02
5194,H02
5195,H02
5196,H02
5197,H02
5198,H03
5199,H03
5200,H03
5201,H03
5202,H04
5203,H04
5204,H04
5205,H04
5206,H04
5207,H01
5208,H01
5209,H01
5210,H01
5211,H01
5212,H01
5213,H01
5214,H01
5215,H02
5216,H02
5217,H02
5218,H02
5219,H02
5220,H02
5221,H02
5222,H03
5223,H03
5224,H03
5225,H03
5226,H04
5227,H04
5228,H04
5229,H04
5230,H04
5231,H01
5232,H01
5233,H01
5234,H01
5235,H01
5236,H01
5237,H01
5238,H01
5239,H02
5240,H02
5241,H02
5242,H02
5243,H02
5244,H02
5245,H02
5246,H03
5247,H03
5248,H03
5249,H03
5250,H04
5251,H04
5252,H04
5253,H04
5254,H04
5255,H01
5256,H01
5257,H01
5258,H01
5259,H01
5260,H01
5261,H01
5262,H01
5263,H02
5264,H02
5265,H02
5266,H02
5267,H02
5268,H02
5269,H02
5270,H03
5271,H03
5272,H03
5273,H03
5274,H04
5275,H04
5276,H04
5277,H04
5278,H04
5279,H01
5280,H01
5281,H01
5282,H01
5283,H01
5284,H01
5285,H01
5286,H01
5287,H02
5288,H02
5289,H02
5290,H02
5291,H02
5292,H02
5293,H02
5294,H03
5295,H03
5296,H03
5297,H03
5298,H04
5299,H04
5300,H04
5301,H04
5302,H04
5303,H01
5304,H01
5305,H01
5306,H01
5307,H01
5308,H01
5309,H01
5310,H01
5311,H02
5312,H02
5313,H02
5314,H02
5315,H02
5316,H02
5317,H02
5318,H03
5319,H03
5320,H03
5321,H03
5322,H04
5323,H04
5324,H04
5325,H04
5326,H04
5327,H01
5328,H01
5329,H01
5330,H01
5331,H01
5332,H01
5333,H01
5334,H01
5335,H02
5336,H02
5337,H02
5338,H02
5339,H02
5340,H02
5341,H02
5342,H03
5343,H03
5344,H03
5345,H03
5346,H04
5347,H04
5348,H04
5349,H04
5350,H04
5351,H01
5352,H01
5353,H01
5354,H01
5355,H01
5356,H01
5357,H01
5358,H01
5359,H02
5360,H02
5361,H02
5362,H02
5363,H02
5364,H02
5365,H02
5366,H03
5367,H03
5368,H03
5369,H03
5370,H04
5371,H04
5372,H04
5373,H04
5374,H04
5375,H01
5376,H01
5377,H01
5378,H01
5379,H01
5380,H01
5381,H01
5382,H01
5383,H02
5384,H02
5385,H02
5386,H02
5387,H02
5388,H02
5389,H02
5390,H03
5391,H03
5392,H03
5393,H03
5394,H04
5395,H04
5396,H04
5397,H04
5398,H04
5399,H01
5400,H01
5401,H01
5402,H01
5403,H01
5404,H01
5405,H01
5406,H01
5407,H02
5408,H02
5409,H02
5410,H02
5411,H02
5412,H02
5413,H02
5414,H03
5415,H03
5416,H03
5417,H03
5418,H04
5419,H04
5420,H04
5421,H04
5422,H04
5423,H01
5424,H01
5425,H01
5426,H01
5427,H01
5428,H01
5429,H01
5430,H01
5431,H02
5432,H02
5433,H02
5434,H02
5435,H02
5436,H02
5437,H02
5438,H03
5439,H03
5440,H03
5441,H03
5442,H04
5443,H04
5444,H04
5445,H04
5446,H04
5447,H01
5448,H01
5449,H01
5450,H01
5451,H01
5452,H01
5453,H01
5454,H01
5455,H02
5456,H02
5457,H02
5458,H02
5459,H02
5460,H02
5461,H02
5462,H03
5463,H03
5464,H03
5465,H03
5466,H04
5467,H04
5468,H04
5469,H04
5470,H04
5471,H01
5472,H01
5473,H01
5474,H01
5475,H01
5476,H01
5477,H01
5478,H01
5479,H02
5480,H02
5481,H02
5482,H02
5483,H02
5484,H02
5485,H02
5486,H03
5487,H03
5488,H03
5489,H03
5490,H04
5491,H04
5492,H04
5493,H04
5494,H04
5495,H01
5496,H01
5497,H01
5498,H01
5499,H01
5500,H01
5501,H01
5502,H01
5503,H02
5504,H02
5505,H02
5506,H02
5507,H02
5508,H02
5509,H02
5510,H03
5511,H03
5512,H03
5513,H03
5514,H04
5515,H04
5516,H04
5517,H04
5518,H04
5519,H01
5520,H01
5521,H01
5522,H01
5523,H01
5524,H01
5525,H01
5526,H01
5527,H02
5528,H02
5529,H02
5530,H02
5531,H02
5532,H02
5533,H02
5534,H03
5535,H03
5536,H03
5537,H03
5538,H04
5539,H04
5540,H04
5541,H04
5542,H04
5543,H01
5544,H01
5545,H01
5546,H01
5547,H01
5548,H01
5549,H01
5550,H01
5551,H02
5552,H02
5553,H02
5554,H02
5555,H02
5556,H02
5557,H02
5558,H03
5559,H03
5560,H03
5561,H03
5562,H04
5563,H04
5564,H04
5565,H04
5566,H04
5567,H01
5568,H01
5569,H01
5570,H01
5571,H01
5572,H01
5573,H01
5574,H01
5575,H02
5576,H02
5577,H02
5578,H02
5579,H02
5580,H02
5581,H02
5582,H03
5583,H03
5584,H03
5585,H03
5586,H04
5587,H04
5588,H04
5589,H04
5590,H04
5591,H01
5592,H01
5593,H01
5594,H01
5595,H01
5596,H01
5597,H01
5598,H01
5599,H02
5600,H02
5601,H02
5602,H02
5603,H02
5604,H02
5605,H02
5606,H03
5607,H03
5608,H03
5609,H03
5610,H04
5611,H04
5612,H04
5613,H04
5614,H04
5615,H01
5616,H01
5617,H01
5618,H01
5619,H01
5620,H01
5621,H01
5622,H01
5623,H02
5624,H02
5625,H02
5626,H02
5627,H02
5628,H02
5629,H02
5630,H03
5631,H03
5632,H03
5633,H03
5634,H04
5635,H04
5636,H04
5637,H04
5638,H04
5639,H01
5640,H01
5641,H01
5642,H01
5643,H01
5644,H01
5645,H01
5646,H01
5647,H02
5648,H02
5649,H02
5650,H02
5651,H02
5652,H02
5653,H02
5654,H03
5655,H03
5656,H03
5657,H03
5658,H04
5659,H04
5660,H04
5661,H04
5662,H04
5663,H01
5664,H01
5665,H01
5666,H01
5667,H01
5668,H01
5669,H01
5670,H01
5671,H02
5672,H02
5673,H02
5674,H02
5675,H02
5676,H02
5677,H02
5678,H03
5679,H03
5680,H03
5681,H03
5682,H04
5683,H04
5684,H04
5685,H04
5686,H04
5687,H01
5688,H01
5689,H01
5690,H01
5691,H01
5692,H01
5693,H01
5694,H01
5695,H02
5696,H02
5697,H02
5698,H02
5699,H02
5700,H02
5701,H02
5702,H03
5703,H03
5704,H03
5705,H03
5706,H04
5707,H04
5708,H04
5709,H04
5710,H04
5711,H01
5712,H01
5713,H01
5714,H01
5715,H01
5716,H01
5717,H01
5718,H01
5719,H02
5720,H02
5721,H02
5722,H02
5723,H02
5724,H02
5725,H02
5726,H03
5727,H03
5728,H03
5729,H03
5730,H04
5731,H04
5732,H04
5733,H04
5734,H04
5735,H01
5736,H01
5737,H01
5738,H01
5739,H01
5740,H01
5741,H01
5742,H01
5743,H02
5744,H02
5745,H02
5746,H02
5747,H02
5748,H02
5749,H02
5750,H03
5751,H03
5752,H03
5753,H03
5754,H04
5755,H04
5756,H04
5757,H04
5758,H04
5759,H01
5760,H01
5761,H01
5762,H01
5763,H01
5764,H01
5765,H01
5766,H01
5767,H02
5768,H02
5769,H02
5770,H02
5771,H02
5772,H02
5773,H02
5774,H03
5775,H03
5776,H03
5777,H03
5778,H04
5779,H04
5780,H04
5781,H04
5782,H04
5783,H01
5784,H01
5785,H01
5786,H01
5787,H01
5788,H01
5789,H01
5790,H01
5791,H02
5792,H02
5793,H02
5794,H02
5795,H02
5796,H02
5797,H02
5798,H03
5799,H03
5800,H03
5801,H03
5802,H04
5803,H04
5804,H04
5805,H04
5806,H04
5807,H01
5808,H01
5809,H01
5810,H01
5811,H01
5812,H01
5813,H01
5814,H01
5815,H02
5816,H02
5817,H02
5818,H02
5819,H02
5820,H02
5821,H02
5822,H03
5823,H03
5824,H03
5825,H03
5826,H04
5827,H04
5828,H04
5829,H04
5830,H04
5831,H01
5832,H01
5833,H01
5834,H01
5835,H01
5836,H01
5837,H01
5838,H01
5839,H02
5840,H02
5841,H02
5842,H02
5843,H02
5844,H02
5845,H02
5846,H03
5847,H03
5848,H03
5849,H03
5850,H04
5851,H04
5852,H04
5853,H04
5854,H04
5855,H01
5856,H01
5857,H05
5858,H05
5859,H05
5860,H05
5861,H05
5862,H05
5863,H06
5864,H06
5865,H06
5866,H06
5867,H06
5868,H06
5869,H06
5870,H07
5871,H07
5872,H07
5873,H07
5874,H08
5875,H08
5876,H08
5877,H08
5878,H08
5879,H05
5880,H05
5881,H05
5882,H05
5883,H05
5884,H05
5885,H05
5886,H05
5887,H06
5888,H06
5889,H06
5890,H06
5891,H06
5892,H06
5893,H06
5894,H07
5895,H07
5896,H07
5897,H07
5898,H08
5899,H08
5900,H08
5901,H08
5902,H08
5903,H05
5904,H05
5905,H05
5906,H05
5907,H05
5908,H05
5909,H05
5910,H05
5911,H06
5912,H06
5913,H06
5914,H06
5915,H06
5916,H06
5917,H06
5918,H07
5919,H07
5920,H07
5921,H07
5922,H08
5923,H08
5924,H08
5925,H08
5926,H08
5927,H05
5928,H05
5929,H05
5930,H05
5931,H05
5932,H05
5933,H05
5934,H05
5935,H06
5936,H06
5937,H06
5938,H06
5939,H06
5940,H06
5941,H06
5942,H07
5943,H07
5944,H07
5945,H07
5946,H08
5947,H08
5948,H08
5949,H08
5950,H08
5951,H05
5952,H05
5953,H05
5954,H05
5955,H05
5956,H05
5957,H05
5958,H05
5959,H06
5960,H06
5961,H06
5962,H06
5963,H06
5964,H06
5965,H06
5966,H07
5967,H07
5968,H07
5969,H07
5970,H08
5971,H08
5972,H08
5973,H08
5974,H08
5975,H05
5976,H05
5977,H05
5978,H05
5979,H05
5980,H05
5981,H05
5982,H05
5983,H06
5984,H06
5985,H06
5986,H06
5987,H06
5988,H06
5989,H06
5990,H07
5991,H07
5992,H07
5993,H07
5994,H08
5995,H08
5996,H08
5997,H08
5998,H08
5999,H05
6000,H05
6001,H05
6002,H05
6003,H05
6004,H05
6005,H05
6006,H05
6007,H06
6008,H06
6009,H06
6010,H06
6011,H06
6012,H06
6013,H06
6014,H07
6015,H07
6016,H07
6017,H07
6018,H08
6019,H08
6020,H08
6021,H08
6022,H08
6023,H05
6024,H05
6025,H05
6026,H05
6027,H05
6028,H05
6029,H05
6030,H05
6031,H06
6032,H06
6033,H06
6034,H06
6035,H06
6036,H06
6037,H06
6038,H07
6039,H07
6040,H07
6041,H07
6042,H08
6043,H08
6044,H08
6045,H08
6046,H08
6047,H05
6048,H05
6049,H05
6050,H05
6051,H05
6052,H05
6053,H05
6054,H05
6055,H06
6056,H06
6057,H06
6058,H06
6059,H06
6060,H06
6061,H06
6062,H07
6063,H07
6064,H07
6065,H07
6066,H08
6067,H08
6068,H08
6069,H08
6070,H08
6071,H05
6072,H05
6073,H05
6074,H05
6075,H05
6076,H05
6077,H05
6078,H05
6079,H06
6080,H06
6081,H06
6082,H06
6083,H06
6084,H06
6085,H06
6086,H07
6087,H07
6088,H07
6089,H07
6090,H08
6091,H08
6092,H08
6093,H08
6094,H08
6095,H05
6096,H05
6097,H05
6098,H05
6099,H05
6100,H05
6101,H05
6102,H05
6103,H06
6104,H06
6105,H06
6106,H06
6107,H06
6108,H06
6109,H06
6110,H07
6111,H07
6112,H07
6113,H07
6114,H08
6115,H08
6116,H08
6117,H08
6118,H08
6119,H05
6120,H05
6121,H05
6122,H05
6123,H05
6124,H05
6125,H05
6126,H05
6127,H06
6128,H06
6129,H06
6130,H06
6131,H06
6132,H06
6133,H06
6134,H07
6135,H07
6136,H07
6137,H07
6138,H08
6139,H08
6140,H08
6141,H08
6142,H08
6143,H05
6144,H05
6145,H05
6146,H05
6147,H05
6148,H05
6149,H05
6150,H05
6151,H06
6152,H06
6153,H06
6154,H06
6155,H06
6156,H06
6157,H06
6158,H07
6159,H07
6160,H07
6161,H07
6162,H08
6163,H08
6164,H08
6165,H08
6166,H08
6167,H05
6168,H05
6169,H05
6170,H05
6171,H05
6172,H05
6173,H05
6174,H05
6175,H06
6176,H06
6177,H06
6178,H06
6179,H06
6180,H06
6181,H06
6182,H07
6183,H07
6184,H07
6185,H07
6186,H08
6187,H08
6188,H08
6189,H08
6190,H08
6191,H05
6192,H05
6193,H05
6194,H05
6195,H05
6196,H05
6197,H05
6198,H05
6199,H06
6200,H06
6201,H06
6202,H06
6203,H06
6204,H06
6205,H06
6206,H07
6207,H07
6208,H07
6209,H07
6210,H08
6211,H08
6212,H08
6213,H08
6214,H08
6215,H05
6216,H05
6217,H05
6218,H05
6219,H05
6220,H05
6221,H05
6222,H05
6223,H06
6224,H06
6225,H06
6226,H06
6227,H06
6228,H06
6229,H06
6230,H07
6231,H07
6232,H07
6233,H07
6234,H08
6235,H08
6236,H08
6237,H08
6238,H08
6239,H05
6240,H05
6241,H05
6242,H05
6243,H05
6244,H05
6245,H05
6246,H05
6247,H06
6248,H06
6249,H06
6250,H06
6251,H06
6252,H06
6253,H06
6254,H07
6255,H07
6256,H07
6257,H07
6258,H08
6259,H08
6260,H08
6261,H08
6262,H08
6263,H05
6264,H05
6265,H05
6266,H05
6267,H05
6268,H05
6269,H05
6270,H05
6271,H06
6272,H06
6273,H06
6274,H06
6275,H06
6276,H06
6277,H06
6278,H07
6279,H07
6280,H07
6281,H07
6282,H08
6283,H08
6284,H08
6285,H08
6286,H08
6287,H05
6288,H05
6289,H05
6290,H05
6291,H05
6292,H05
6293,H05
6294,H05
6295,H06
6296,H06
6297,H06
6298,H06
6299,H06
6300,H06
6301,H06
6302,H07
6303,H07
6304,H07
6305,H07
6306,H08
6307,H08
6308,H08
6309,H08
6310,H08
6311,H05
6312,H05
6313,H05
6314,H05
6315,H05
6316,H05
6317,H05
6318,H05
6319,H06
6320,H06
6321,H06
6322,H06
6323,H06
6324,H06
6325,H06
6326,H07
6327,H07
6328,H07
6329,H07
6330,H08
6331,H08
6332,H08
6333,H08
6334,H08
6335,H05
6336,H05
6337,H05
6338,H05
6339,H05
6340,H05
6341,H05
6342,H05
6343,H06
6344,H06
6345,H06
6346,H06
6347,H06
6348,H06
6349,H06
6350,H07
6351,H07
6352,H07
6353,H07
6354,H08
6355,H08
6356,H08
6357,H08
6358,H08
6359,H05
6360,H05
6361,H05
6362,H05
6363,H05
6364,H05
6365,H05
6366,H05
6367,H06
6368,H06
6369,H06
6370,H06
6371,H06
6372,H06
6373,H06
6374,H07
6375,H07
6376,H07
6377,H07
6378,H08
6379,H08
6380,H08
6381,H08
6382,H08
6383,H05
6384,H05
6385,H05
6386,H05
6387,H05
6388,H05
6389,H05
6390,H05
6391,H06
6392,H06
6393,H06
6394,H06
6395,H06
6396,H06
6397,H06
6398,H07
6399,H07
6400,H07
6401,H07
6402,H08
6403,H08
6404,H08
6405,H08
6406,H08
6407,H05
6408,H05
6409,H05
6410,H05
6411,H05
6412,H05
6413,H05
6414,H05
6415,H06
6416,H06
6417,H06
6418,H06
6419,H06
6420,H06
6421,H06
6422,H07
6423,H07
6424,H07
6425,H07
6426,H08
6427,H08
6428,H08
6429,H08
6430,H08
6431,H05
6432,H05
6433,H05
6434,H05
6435,H05
6436,H05
6437,H05
6438,H05
6439,H06
6440,H06
6441,H06
6442,H06
6443,H06
6444,H06
6445,H06
6446,H07
6447,H07
6448,H07
6449,H07
6450,H08
6451,H08
6452,H08
6453,H08
6454,H08
6455,H05
6456,H05
6457,H05
6458,H05
6459,H05
6460,H05
6461,H05
6462,H05
6463,H06
6464,H06
6465,H06
6466,H06
6467,H06
6468,H06
6469,H06
6470,H07
6471,H07
6472,H07
6473,H07
6474,H08
6475,H08
6476,H08
6477,H08
6478,H08
6479,H05
6480,H05
6481,H05
6482,H05
6483,H05
6484,H05
6485,H05
6486,H05
6487,H06
6488,H06
6489,H06
6490,H06
6491,H06
6492,H06
6493,H06
6494,H07
6495,H07
6496,H07
6497,H07
6498,H08
6499,H08
6500,H08
6501,H08
6502,H08
6503,H05
6504,H05
6505,H05
6506,H05
6507,H05
6508,H05
6509,H05
6510,H05
6511,H06
6512,H06
6513,H06
6514,H06
6515,H06
6516,H06
6517,H06
6518,H07
6519,H07
6520,H07
6521,H07
6522,H08
6523,H08
6524,H08
6525,H08
6526,H08
6527,H05
6528,H05
6529,H05
6530,H05
6531,H05
6532,H05
6533,H05
6534,H05
6535,H06
6536,H06
6537,H06
6538,H06
6539,H06
6540,H06
6541,H06
6542,H07
6543,H07
6544,H07
6545,H07
6546,H08
6547,H08
6548,H08
6549,H08
6550,H08
6551,H05
6552,H05
6553,H05
6554,H05
6555,H05
6556,H05
6557,H05
6558,H05
6559,H06
6560,H06
6561,H06
6562,H06
6563,H06
6564,H06
6565,H06
6566,H07
6567,H07
6568,H07
6569,H07
6570,H08
6571,H08
6572,H08
6573,H08
6574,H08
6575,H05
6576,H05
6577,H05
6578,H05
6579,H05
6580,H05
6581,H05
6582,H05
6583,H06
6584,H06
6585,H06
6586,H06
6587,H06
6588,H06
6589,H06
6590,H07
6591,H07
6592,H07
6593,H07
6594,H08
6595,H08
6596,H08
6597,H08
6598,H08
6599,H05
6600,H05
6601,H05
6602,H05
6603,H05
6604,H05
6605,H05
6606,H05
6607,H06
6608,H06
6609,H06
6610,H06
6611,H06
6612,H06
6613,H06
6614,H07
6615,H07
6616,H07
6617,H07
6618,H08
6619,H08
6620,H08
6621,H08
6622,H08
6623,H05
6624,H05
6625,H05
6626,H05
6627,H05
6628,H05
6629,H05
6630,H05
6631,H06
6632,H06
6633,H06
6634,H06
6635,H06
6636,H06
6637,H06
6638,H07
6639,H07
6640,H07
6641,H07
6642,H08
6643,H08
6644,H08
6645,H08
6646,H08
6647,H05
6648,H05
6649,H05
6650,H05
6651,H05
6652,H05
6653,H05
6654,H05
6655,H06
6656,H06
6657,H06
6658,H06
6659,H06
6660,H06
6661,H06
6662,H07
6663,H07
6664,H07
6665,H07
6666,H08
6667,H08
6668,H08
6669,H08
6670,H08
6671,H05
6672,H05
6673,H05
6674,H05
6675,H05
6676,H05
6677,H05
6678,H05
6679,H06
6680,H06
6681,H06
6682,H06
6683,H06
6684,H06
6685,H06
6686,H07
6687,H07
6688,H07
6689,H07
6690,H08
6691,H08
6692,H08
6693,H08
6694,H08
6695,H05
6696,H05
6697,H05
6698,H05
6699,H05
6700,H05
6701,H05
6702,H05
6703,H06
6704,H06
6705,H06
6706,H06
6707,H06
6708,H06
6709,H06
6710,H07
6711,H07
6712,H07
6713,H07
6714,H08
6715,H08
6716,H08
6717,H08
6718,H08
6719,H05
6720,H05
6721,H05
6722,H05
6723,H05
6724,H05
6725,H05
6726,H05
6727,H06
6728,H06
6729,H06
6730,H06
6731,H06
6732,H06
6733,H06
6734,H07
6735,H07
6736,H07
6737,H07
6738,H08
6739,H08
6740,H08
6741,H08
6742,H08
6743,H05
6744,H05
6745,H05
6746,H05
6747,H05
6748,H05
6749,H05
6750,H05
6751,H06
6752,H06
6753,H06
6754,H06
6755,H06
6756,H06
6757,H06
6758,H07
6759,H07
6760,H07
6761,H07
6762,H08
6763,H08
6764,H08
6765,H08
6766,H08
6767,H05
6768,H05
6769,H05
6770,H05
6771,H05
6772,H05
6773,H05
6774,H05
6775,H06
6776,H06
6777,H06
6778,H06
6779,H06
6780,H06
6781,H06
6782,H07
6783,H07
6784,H07
6785,H07
6786,H08
6787,H08
6788,H08
6789,H08
6790,H08
6791,H05
6792,H05
6793,H05
6794,H05
6795,H05
6796,H05
6797,H05
6798,H05
6799,H06
6800,H06
6801,H06
6802,H06
6803,H06
6804,H06
6805,H06
6806,H07
6807,H07
6808,H07
6809,H07
6810,H08
6811,H08
6812,H08
6813,H08
6814,H08
6815,H05
6816,H05
6817,H05
6818,H05
6819,H05
6820,H05
6821,H05
6822,H05
6823,H06
6824,H06
6825,H06
6826,H06
6827,H06
6828,H06
6829,H06
6830,H07
6831,H07
6832,H07
6833,H07
6834,H08
6835,H08
6836,H08
6837,H08
6838,H08
6839,H05
6840,H05
6841,H05
6842,H05
6843,H05
6844,H05
6845,H05
6846,H05
6847,H06
6848,H06
6849,H06
6850,H06
6851,H06
6852,H06
6853,H06
6854,H07
6855,H07
6856,H07
6857,H07
6858,H08
6859,H08
6860,H08
6861,H08
6862,H08
6863,H05
6864,H05
6865,H05
6866,H05
6867,H05
6868,H05
6869,H05
6870,H05
6871,H06
6872,H06
6873,H06
6874,H06
6875,H06
6876,H06
6877,H06
6878,H07
6879,H07
6880,H07
6881,H07
6882,H08
6883,H08
6884,H08
6885,H08
6886,H08
6887,H05
6888,H05
6889,H05
6890,H05
6891,H05
6892,H05
6893,H05
6894,H05
6895,H06
6896,H06
6897,H06
6898,H06
6899,H06
6900,H06
6901,H06
6902,H07
6903,H07
6904,H07
6905,H07
6906,H08
6907,H08
6908,H08
6909,H08
6910,H08
6911,H05
6912,H05
6913,H05
6914,H05
6915,H05
6916,H05
6917,H05
6918,H05
6919,H06
6920,H06
6921,H06
6922,H06
6923,H06
6924,H06
6925,H06
6926,H07
6927,H07
6928,H07
6929,H07
6930,H08
6931,H08
6932,H08
6933,H08
6934,H08
6935,H05
6936,H05
6937,H05
6938,H05
6939,H05
6940,H05
6941,H05
6942,H05
6943,H06
6944,H06
6945,H06
6946,H06
6947,H06
6948,H06
6949,H06
6950,H07
6951,H07
6952,H07
6953,H07
6954,H08
6955,H08
6956,H08
6957,H08
6958,H08
6959,H05
6960,H05
6961,H05
6962,H05
6963,H05
6964,H05
6965,H05
6966,H05
6967,H06
6968,H06
6969,H06
6970,H06
6971,H06
6972,H06
6973,H06
6974,H07
6975,H07
6976,H07
6977,H07
6978,H08
6979,H08
6980,H08
6981,H08
6982,H08
6983,H05
6984,H05
6985,H05
6986,H05
6987,H05
6988,H05
6989,H05
6990,H05
6991,H06
6992,H06
6993,H06
6994,H06
6995,H06
6996,H06
6997,H06
6998,H07
6999,H07
7000,H07
7001,H07
7002,H08
7003,H08
7004,H08
7005,H08
7006,H08
7007,H05
7008,H05
7009,H05
7010,H05
7011,H05
7012,H05
7013,H05
7014,H05
7015,H06
7016,H06
7017,H06
7018,H06
7019,H06
7020,H06
7021,H06
7022,H07
7023,H07
7024,H07
7025,H07
7026,H08
7027,H08
7028,H08
7029,H08
7030,H08
7031,H05
7032,H05
7033,H05
7034,H05
7035,H05
7036,H05
7037,H05
7038,H05
7039,H06
7040,H06
7041,H06
7042,H06
7043,H06
7044,H06
7045,H06
7046,H07
7047,H07
7048,H07
7049,H07
7050,H08
7051,H08
7052,H08
7053,H08
7054,H08
7055,H05
7056,H05
7057,H05
7058,H05
7059,H05
7060,H05
7061,H05
7062,H05
7063,H06
7064,H06
7065,H06
7066,H06
7067,H06
7068,H06
7069,H06
7070,H07
7071,H07
7072,H07
7073,H07
7074,H08
7075,H08
7076,H08
7077,H08
7078,H08
7079,H05
7080,H05
7081,H05
7082,H05
7083,H05
7084,H05
7085,H05
7086,H05
7087,H06
7088,H06
7089,H06
7090,H06
7091,H06
7092,H06
7093,H06
7094,H07
7095,H07
7096,H07
7097,H07
7098,H08
7099,H08
7100,H08
7101,H08
7102,H08
7103,H05
7104,H05
7105,H05
7106,H05
7107,H05
7108,H05
7109,H05
7110,H05
7111,H06
7112,H06
7113,H06
7114,H06
7115,H06
7116,H06
7117,H06
7118,H07
7119,H07
7120,H07
7121,H07
7122,H08
7123,H08
7124,H08
7125,H08
7126,H08
7127,H05
7128,H05
7129,H05
7130,H05
7131,H05
7132,H05
7133,H05
7134,H05
7135,H06
7136,H06
7137,H06
7138,H06
7139,H06
7140,H06
7141,H06
7142,H07
7143,H07
7144,H07
7145,H07
7146,H08
7147,H08
7148,H08
7149,H08
7150,H08
7151,H05
7152,H05
7153,H05
7154,H05
7155,H05
7156,H05
7157,H05
7158,H05
7159,H06
7160,H06
7161,H06
7162,H06
7163,H06
7164,H06
7165,H06
7166,H07
7167,H07
7168,H07
7169,H07
7170,H08
7171,H08
7172,H08
7173,H08
7174,H08
7175,H05
7176,H05
7177,H05
7178,H05
7179,H05
7180,H05
7181,H05
7182,H05
7183,H06
7184,H06
7185,H06
7186,H06
7187,H06
7188,H06
7189,H06
7190,H07
7191,H07
7192,H07
7193,H07
7194,H08
7195,H08
7196,H08
7197,H08
7198,H08
7199,H05
7200,H05
7201,H05
7202,H05
7203,H05
7204,H05
7205,H05
7206,H05
7207,H06
7208,H06
7209,H06
7210,H06
7211,H06
7212,H06
7213,H06
7214,H07
7215,H07
7216,H07
7217,H07
7218,H08
7219,H08
7220,H08
7221,H08
7222,H08
7223,H05
7224,H05
7225,H05
7226,H05
7227,H05
7228,H05
7229,H05
7230,H05
7231,H06
7232,H06
7233,H06
7234,H06
7235,H06
7236,H06
7237,H06
7238,H07
7239,H07
7240,H07
7241,H07
7242,H08
7243,H08
7244,H08
7245,H08
7246,H08
7247,H05
7248,H05
7249,H05
7250,H05
7251,H05
7252,H05
7253,H05
7254,H05
7255,H06
7256,H06
7257,H06
7258,H06
7259,H06
7260,H06
7261,H06
7262,H07
7263,H07
7264,H07
7265,H07
7266,H08
7267,H08
7268,H08
7269,H08
7270,H08
7271,H05
7272,H05
7273,H05
7274,H05
7275,H05
7276,H05
7277,H05
7278,H05
7279,H06
7280,H06
7281,H06
7282,H06
7283,H06
7284,H06
7285,H06
7286,H07
7287,H07
7288,H07
7289,H07
7290,H08
7291,H08
7292,H08
7293,H08
7294,H08
7295,H05
7296,H05
7297,H05
7298,H05
7299,H05
7300,H05
7301,H05
7302,H05
7303,H06
7304,H06
7305,H06
7306,H06
7307,H06
7308,H06
7309,H06
7310,H07
7311,H07
7312,H07
7313,H07
7314,H08
7315,H08
7316,H08
7317,H08
7318,H08
7319,H05
7320,H05
7321,H09
7322,H09
7323,H09
7324,H09
7325,H09
7326,H09
7327,H10
7328,H10
7329,H10
7330,H10
7331,H10
7332,H10
7333,H10
7334,H11
7335,H11
7336,H11
7337,H11
7338,H12
7339,H12
7340,H12
7341,H12
7342,H12
7343,H09
7344,H09
7345,H09
7346,H09
7347,H09
7348,H09
7349,H09
7350,H09
7351,H10
7352,H10
7353,H10
7354,H10
7355,H10
7356,H10
7357,H10
7358,H11
7359,H11
7360,H11
7361,H11
7362,H12
7363,H12
7364,H12
7365,H12
7366,H12
7367,H09
7368,H09
7369,H09
7370,H09
7371,H09
7372,H09
7373,H09
7374,H09
7375,H10
7376,H10
7377,H10
7378,H10
7379,H10
7380,H10
7381,H10
7382,H11
7383,H11
7384,H11
7385,H11
7386,H12
7387,H12
7388,H12
7389,H12
7390,H12
7391,H09
7392,H09
7393,H09
7394,H09
7395,H09
7396,H09
7397,H09
7398,H09
7399,H10
7400,H10
7401,H10
7402,H10
7403,H10
7404,H10
7405,H10
7406,H11
7407,H11
7408,H11
7409,H11
7410,H12
7411,H12
7412,H12
7413,H12
7414,H12
7415,H09
7416,H09
7417,H09
7418,H09
7419,H09
7420,H09
7421,H09
7422,H09
7423,H10
7424,H10
7425,H10
7426,H10
7427,H10
7428,H10
7429,H10
7430,H11
7431,H11
7432,H11
7433,H11
7434,H12
7435,H12
7436,H12
7437,H12
7438,H12
7439,H09
7440,H09
7441,H09
7442,H09
7443,H09
7444,H09
7445,H09
7446,H09
7447,H10
7448,H10
7449,H10
7450,H10
7451,H10
7452,H10
7453,H10
7454,H11
7455,H11
7456,H11
7457,H11
7458,H12
7459,H12
7460,H12
7461,H12
7462,H12
7463,H09
7464,H09
7465,H09
7466,H09
7467,H09
7468,H09
7469,H09
7470,H09
7471,H10
7472,H10
7473,H10
7474,H10
7475,H10
7476,H10
7477,H10
7478,H11
7479,H11
7480,H11
7481,H11
7482,H12
7483,H12
7484,H12
7485,H12
7486,H12
7487,H09
7488,H09
7489,H09
7490,H09
7491,H09
7492,H09
7493,H09
7494,H09
7495,H10
7496,H10
7497,H10
7498,H10
7499,H10
7500,H10
7501,H10
7502,H11
7503,H11
7504,H11
7505,H11
7506,H12
7507,H12
7508,H12
7509,H12
7510,H12
7511,H09
7512,H09
7513,H09
7514,H09
7515,H09
7516,H09
7517,H09
7518,H09
7519,H10
7520,H10
7521,H10
7522,H10
7523,H10
7524,H10
7525,H10
7526,H11
7527,H11
7528,H11
7529,H11
7530,H12
7531,H12
7532,H12
7533,H12
7534,H12
7535,H09
7536,H09
7537,H09
7538,H09
7539,H09
7540,H09
7541,H09
7542,H09
7543,H10
7544,H10
7545,H10
7546,H10
7547,H10
7548,H10
7549,H10
7550,H11
7551,H11
7552,H11
7553,H11
7554,H12
7555,H12
7556,H12
7557,H12
7558,H12
7559,H09
7560,H09
7561,H09
7562,H09
7563,H09
7564,H09
7565,H09
7566,H09
7567,H10
7568,H10
7569,H10
7570,H10
7571,H10
7572,H10
7573,H10
7574,H11
7575,H11
7576,H11
7577,H11
7578,H12
7579,H12
7580,H12
7581,H12
7582,H12
7583,H09
7584,H09
7585,H09
7586,H09
7587,H09
7588,H09
7589,H09
7590,H09
7591,H10
7592,H10
7593,H10
7594,H10
7595,H10
7596,H10
7597,H10
7598,H11
7599,H11
7600,H11
7601,H11
7602,H12
7603,H12
7604,H12
7605,H12
7606,H12
7607,H09
7608,H09
7609,H09
7610,H09
7611,H09
7612,H09
7613,H09
7614,H09
7615,H10
7616,H10
7617,H10
7618,H10
7619,H10
7620,H10
7621,H10
7622,H11
7623,H11
7624,H11
7625,H11
7626,H12
7627,H12
7628,H12
7629,H12
7630,H12
7631,H09
7632,H09
7633,H09
7634,H09
7635,H09
7636,H09
7637,H09
7638,H09
7639,H10
7640,H10
7641,H10
7642,H10
7643,H10
7644,H10
7645,H10
7646,H11
7647,H11
7648,H11
7649,H11
7650,H12
7651,H12
7652,H12
7653,H12
7654,H12
7655,H09
7656,H09
7657,H09
7658,H09
7659,H09
7660,H09
7661,H09
7662,H09
7663,H10
7664,H10
7665,H10
7666,H10
7667,H10
7668,H10
7669,H10
7670,H11
7671,H11
7672,H11
7673,H11
7674,H12
7675,H12
7676,H12
7677,H12
7678,H12
7679,H09
7680,H09
7681,H09
7682,H09
7683,H09
7684,H09
7685,H09
7686,H09
7687,H10
7688,H10
7689,H10
7690,H10
7691,H10
7692,H10
7693,H10
7694,H11
7695,H11
7696,H11
7697,H11
7698,H12
7699,H12
7700,H12
7701,H12
7702,H12
7703,H09
7704,H09
7705,H09
7706,H09
7707,H09
7708,H09
7709,H09
7710,H09
7711,H10
7712,H10
7713,H10
7714,H10
7715,H10
7716,H10
7717,H10
7718,H11
7719,H11
7720,H11
7721,H11
7722,H12
7723,H12
7724,H12
7725,H12
7726,H12
7727,H09
7728,H09
7729,H09
7730,H09
7731,H09
7732,H09
7733,H09
7734,H09
7735,H10
7736,H10
7737,H10
7738,H10
7739,H10
7740,H10
7741,H10
7742,H11
7743,H11
7744,H11
7745,H11
7746,H12
7747,H12
7748,H12
7749,H12
7750,H12
7751,H09
7752,H09
7753,H09
7754,H09
7755,H09
7756,H09
7757,H09
7758,H09
7759,H10
7760,H10
7761,H10
7762,H10
7763,H10
7764,H10
7765,H10
7766,H11
7767,H11
7768,H11
7769,H11
7770,H12
7771,H12
7772,H12
7773,H12
7774,H12
7775,H09
7776,H09
7777,H09
7778,H09
7779,H09
7780,H09
7781,H09
7782,H09
7783,H10
7784,H10
7785,H10
7786,H10
7787,H10
7788,H10
7789,H10
7790,H11
7791,H11
7792,H11
7793,H11
7794,H12
7795,H12
7796,H12
7797,H12
7798,H12
7799,H09
7800,H09
7801,H09
7802,H09
7803,H09
7804,H09
7805,H09
7806,H09
7807,H10
7808,H10
7809,H10
7810,H10
7811,H10
7812,H10
7813,H10
7814,H11
7815,H11
7816,H11
7817,H11
7818,H12
7819,H12
7820,H12
7821,H12
7822,H12
7823,H09
7824,H09
7825,H09
7826,H09
7827,H09
7828,H09
7829,H09
7830,H09
7831,H10
7832,H10
7833,H10
7834,H10
7835,H10
7836,H10
7837,H10
7838,H11
7839,H11
7840,H11
7841,H11
7842,H12
7843,H12
7844,H12
7845,H12
7846,H12
7847,H09
7848,H09
7849,H09
7850,H09
7851,H09
7852,H09
7853,H09
7854,H09
7855,H10
7856,H10
7857,H10
7858,H10
7859,H10
7860,H10
7861,H10
7862,H11
7863,H11
7864,H11
7865,H11
7866,H12
7867,H12
7868,H12
7869,H12
7870,H12
7871,H09
7872,H09
7873,H09
7874,H09
7875,H09
7876,H09
7877,H09
7878,H09
7879,H10
7880,H10
7881,H10
7882,H10
7883,H10
7884,H10
7885,H10
7886,H11
7887,H11
7888,H11
7889,H11
7890,H12
7891,H12
7892,H12
7893,H12
7894,H12
7895,H09
7896,H09
7897,H09
7898,H09
7899,H09
7900,H09
7901,H09
7902,H09
7903,H10
7904,H10
7905,H10
7906,H10
7907,H10
7908,H10
7909,H10
7910,H11
7911,H11
7912,H11
7913,H11
7914,H12
7915,H12
7916,H12
7917,H12
7918,H12
7919,H09
7920,H09
7921,H09
7922,H09
7923,H09
7924,H09
7925,H09
7926,H09
7927,H10
7928,H10
7929,H10
7930,H10
7931,H10
7932,H10
7933,H10
7934,H11
7935,H11
7936,H11
7937,H11
7938,H12
7939,H12
7940,H12
7941,H12
7942,H12
7943,H09
7944,H09
7945,H09
7946,H09
7947,H09
7948,H09
7949,H09
7950,H09
7951,H10
7952,H10
7953,H10
7954,H10
7955,H10
7956,H10
7957,H10
7958,H11
7959,H11
7960,H11
7961,H11
7962,H12
7963,H12
7964,H12
7965,H12
7966,H12
7967,H09
7968,H09
7969,H09
7970,H09
7971,H09
7972,H09
7973,H09
7974,H09
7975,H10
7976,H10
7977,H10
7978,H10
7979,H10
7980,H10
7981,H10
7982,H11
7983,H11
7984,H11
7985,H11
7986,H12
7987,H12
7988,H12
7989,H12
7990,H12
7991,H09
7992,H09
7993,H09
7994,H09
7995,H09
7996,H09
7997,H09
7998,H09
7999,H10
8000,H10
8001,H10
8002,H10
8003,H10
8004,H10
8005,H10
8006,H11
8007,H11
8008,H11
8009,H11
8010,H12
8011,H12
8012,H12
8013,H12
8014,H12
8015,H09
8016,H09
8017,H09
8018,H09
8019,H09
8020,H09
8021,H09
8022,H09
8023,H10
8024,H10
8025,H10
8026,H10
8027,H10
8028,H10
8029,H10
8030,H11
8031,H11
8032,H11
8033,H11
8034,H12
8035,H12
8036,H12
8037,H12
8038,H12
8039,H09
8040,H09
8041,H09
8042,H09
8043,H09
8044,H09
8045,H09
8046,H09
8047,H10
8048,H10
8049,H10
8050,H10
8051,H10
8052,H10
8053,H10
8054,H11
8055,H11
8056,H11
8057,H11
8058,H12
8059,H12
8060,H12
8061,H12
8062,H12
8063,H09
8064,H09
8065,H09
8066,H09
8067,H09
8068,H09
8069,H09
8070,H09
8071,H10
8072,H10
8073,H10
8074,H10
8075,H10
8076,H10
8077,H10
8078,H11
8079,H11
8080,H11
8081,H11
8082,H12
8083,H12
8084,H12
8085,H12
8086,H12
8087,H09
8088,H09
8089,H09
8090,H09
8091,H09
8092,H09
8093,H09
8094,H09
8095,H10
8096,H10
8097,H10
8098,H10
8099,H10
8100,H10
8101,H10
8102,H11
8103,H11
8104,H11
8105,H11
8106,H12
8107,H12
8108,H12
8109,H12
8110,H12
8111,H09
8112,H09
8113,H09
8114,H09
8115,H09
8116,H09
8117,H09
8118,H09
8119,H10
8120,H10
8121,H10
8122,H10
8123,H10
8124,H10
8125,H10
8126,H11
8127,H11
8128,H11
8129,H11
8130,H12
8131,H12
8132,H12
8133,H12
8134,H12
8135,H09
8136,H09
8137,H09
8138,H09
8139,H09
8140,H09
8141,H09
8142,H09
8143,H10
8144,H10
8145,H10
8146,H10
8147,H10
8148,H10
8149,H10
8150,H11
8151,H11
8152,H11
8153,H11
8154,H12
8155,H12
8156,H12
8157,H12
8158,H12
8159,H09
8160,H09
8161,H09
8162,H09
8163,H09
8164,H09
8165,H09
8166,H09
8167,H10
8168,H10
8169,H10
8170,H10
8171,H10
8172,H10
8173,H10
8174,H11
8175,H11
8176,H11
8177,H11
8178,H12
8179,H12
8180,H12
8181,H12
8182,H12
8183,H09
8184,H09
8185,H09
8186,H09
8187,H09
8188,H09
8189,H09
8190,H09
8191,H10
8192,H10
8193,H10
8194,H10
8195,H10
8196,H10
8197,H10
8198,H11
8199,H11
8200,H11
8201,H11
8202,H12
8203,H12
8204,H12
8205,H12
8206,H12
8207,H09
8208,H09
8209,H09
8210,H09
8211,H09
8212,H09
8213,H09
8214,H09
8215,H10
8216,H10
8217,H10
8218,H10
8219,H10
8220,H10
8221,H10
8222,H11
8223,H11
8224,H11
8225,H11
8226,H12
8227,H12
8228,H12
8229,H12
8230,H12
8231,H09
8232,H09
8233,H09
8234,H09
8235,H09
8236,H09
8237,H09
8238,H09
8239,H10
8240,H10
8241,H10
8242,H10
8243,H10
8244,H10
8245,H10
8246,H11
8247,H11
8248,H11
8249,H11
8250,H12
8251,H12
8252,H12
8253,H12
8254,H12
8255,H09
8256,H09
8257,H09
8258,H09
8259,H09
8260,H09
8261,H09
8262,H09
8263,H10
8264,H10
8265,H10
8266,H10
8267,H10
8268,H10
8269,H10
8270,H11
8271,H11
8272,H11
8273,H11
8274,H12
8275,H12
8276,H12
8277,H12
8278,H12
8279,H09
8280,H09
8281,H09
8282,H09
8283,H09
8284,H09
8285,H09
8286,H09
8287,H10
8288,H10
8289,H10
8290,H10
8291,H10
8292,H10
8293,H10
8294,H11
8295,H11
8296,H11
8297,H11
8298,H12
8299,H12
8300,H12
8301,H12
8302,H12
8303,H09
8304,H09
8305,H09
8306,H09
8307,H09
8308,H09
8309,H09
8310,H09
8311,H10
8312,H10
8313,H10
8314,H10
8315,H10
8316,H10
8317,H10
8318,H11
8319,H11
8320,H11
8321,H11
8322,H12
8323,H12
8324,H12
8325,H12
8326,H12
8327,H09
8328,H09
8329,H09
8330,H09
8331,H09
8332,H09
8333,H09
8334,H09
8335,H10
8336,H10
8337,H10
8338,H10
8339,H10
8340,H10
8341,H10
8342,H11
8343,H11
8344,H11
8345,H11
8346,H12
8347,H12
8348,H12
8349,H12
8350,H12
8351,H09
8352,H09
8353,H09
8354,H09
8355,H09
8356,H09
8357,H09
8358,H09
8359,H10
8360,H10
8361,H10
8362,H10
8363,H10
8364,H10
8365,H10
8366,H11
8367,H11
8368,H11
8369,H11
8370,H12
8371,H12
8372,H12
8373,H12
8374,H12
8375,H09
8376,H09
8377,H09
8378,H09
8379,H09
8380,H09
8381,H09
8382,H09
8383,H10
8384,H10
8385,H10
8386,H10
8387,H10
8388,H10
8389,H10
8390,H11
8391,H11
8392,H11
8393,H11
8394,H12
8395,H12
8396,H12
8397,H12
8398,H12
8399,H09
8400,H09
8401,H09
8402,H09
8403,H09
8404,H09
8405,H09
8406,H09
8407,H10
8408,H10
8409,H10
8410,H10
8411,H10
8412,H10
8413,H10
8414,H11
8415,H11
8416,H11
8417,H11
8418,H12
8419,H12
8420,H12
8421,H12
8422,H12
8423,H09
8424,H09
8425,H09
8426,H09
8427,H09
8428,H09
8429,H09
8430,H09
8431,H10
8432,H10
8433,H10
8434,H10
8435,H10
8436,H10
8437,H10
8438,H11
8439,H11
8440,H11
8441,H11
8442,H12
8443,H12
8444,H12
8445,H12
8446,H12
8447,H09
8448,H09
8449,H09
8450,H09
8451,H09
8452,H09
8453,H09
8454,H09
8455,H10
8456,H10
8457,H10
8458,H10
8459,H10
8460,H10
8461,H10
8462,H11
8463,H11
8464,H11
8465,H11
8466,H12
8467,H12
8468,H12
8469,H12
8470,H12
8471,H09
8472,H09
8473,H09
8474,H09
8475,H09
8476,H09
8477,H09
8478,H09
8479,H10
8480,H10
8481,H10
8482,H10
8483,H10
8484,H10
8485,H10
8486,H11
8487,H11
8488,H11
8489,H11
8490,H12
8491,H12
8492,H12
8493,H12
8494,H12
8495,H09
8496,H09
8497,H09
8498,H09
8499,H09
8500,H09
8501,H09
8502,H09
8503,H10
8504,H10
8505,H10
8506,H10
8507,H10
8508,H10
8509,H10
8510,H11
8511,H11
8512,H11
8513,H11
8514,H12
8515,H12
8516,H12
8517,H12
8518,H12
8519,H09
8520,H09
8521,H09
8522,H09
8523,H09
8524,H09
8525,H09
8526,H09
8527,H10
8528,H10
8529,H10
8530,H10
8531,H10
8532,H10
8533,H10
8534,H11
8535,H11
8536,H11
8537,H11
8538,H12
8539,H12
8540,H12
8541,H12
8542,H12
8543,H09
8544,H09
8545,H09
8546,H09
8547,H09
8548,H09
8549,H09
8550,H09
8551,H10
8552,H10
8553,H10
8554,H10
8555,H10
8556,H10
8557,H10
8558,H11
8559,H11
8560,H11
8561,H11
8562,H12
8563,H12
8564,H12
8565,H12
8566,H12
8567,H09
8568,H09
8569,H09
8570,H09
8571,H09
8572,H09
8573,H09
8574,H09
8575,H10
8576,H10
8577,H10
8578,H10
8579,H10
8580,H10
8581,H10
8582,H11
8583,H11
8584,H11
8585,H11
8586,H12
8587,H12
8588,H12
8589,H12
8590,H12
8591,H09
8592,H09
8593,H09
8594,H09
8595,H09
8596,H09
8597,H09
8598,H09
8599,H10
8600,H10
8601,H10
8602,H10
8603,H10
8604,H10
8605,H10
8606,H11
8607,H11
8608,H11
8609,H11
8610,H12
8611,H12
8612,H12
8613,H12
8614,H12
8615,H09
8616,H09
8617,H09
8618,H09
8619,H09
8620,H09
8621,H09
8622,H09
8623,H10
8624,H10
8625,H10
8626,H10
8627,H10
8628,H10
8629,H10
8630,H11
8631,H11
8632,H11
8633,H11
8634,H12
8635,H12
8636,H12
8637,H12
8638,H12
8639,H09
8640,H09
8641,H09
8642,H09
8643,H09
8644,H09
8645,H09
8646,H09
8647,H10
8648,H10
8649,H10
8650,H10
8651,H10
8652,H10
8653,H10
8654,H11
8655,H11
8656,H11
8657,H11
8658,H12
8659,H12
8660,H12
8661,H12
8662,H12
8663,H09
8664,H09
8665,H09
8666,H09
8667,H09
8668,H09
8669,H09
8670,H09
8671,H10
8672,H10
8673,H10
8674,H10
8675,H10
8676,H10
8677,H10
8678,H11
8679,H11
8680,H11
8681,H11
8682,H12
8683,H12
8684,H12
8685,H12
8686,H12
8687,H09
8688,H09
8689,H09
8690,H09
8691,H09
8692,H09
8693,H09
8694,H09
8695,H10
8696,H10
8697,H10
8698,H10
8699,H10
8700,H10
8701,H10
8702,H11
8703,H11
8704,H11
8705,H11
8706,H12
8707,H12
8708,H12
8709,H12
8710,H12
8711,H09
8712,H09
8713,H09
8714,H09
8715,H09
8716,H09
8717,H09
8718,H09
8719,H10
8720,H10
8721,H10
8722,H10
8723,H10
8724,H10
8725,H10
8726,H11
8727,H11
8728,H11
8729,H11
8730,H12
8731,H12
8732,H12
8733,H12
8734,H12
8735,H09
8736,H09
8737,H09
8738,H09
8739,H09
8740,H09
8741,H09
8742,H09
8743,H10
8744,H10
8745,H10
8746,H10
8747,H10
8748,H10
8749,H10
8750,H11
8751,H11
8752,H11
8753,H11
8754,H12
8755,H12
8756,H12
8757,H12
8758,H12
8759,H09
8760,H09
